Time,Joystick Value,Lateral Error,PID Correction,X Position,Y Position,Theta
0,0,0,0,350.0,614.1666666666666,-1.5707963267948966
0.016666666666666666,0,0,0,350.0,613.3333333333333,-1.5707963267948966
0.03333333333333333,0,0,0,350.0,612.4999999999999,-1.5707963267948966
0.05,0,0,0,350.0,611.6666666666665,-1.5707963267948966
0.06666666666666667,0,0,0,350.0,610.8333333333331,-1.5707963267948966
0.08333333333333333,0,0,0,350.0,609.9999999999998,-1.5707963267948966
0.09999999999999999,0,0,0,350.0,609.1666666666664,-1.5707963267948966
0.11666666666666665,0,0,0,350.0,608.333333333333,-1.5707963267948966
0.13333333333333333,0,0,0,350.0,607.4999999999997,-1.5707963267948966
0.15,0,0,0,350.0,606.6666666666663,-1.5707963267948966
0.16666666666666666,0,0,0,350.0,605.8333333333329,-1.5707963267948966
0.18333333333333332,0,0,0,350.0,604.9999999999995,-1.5707963267948966
0.19999999999999998,0,0,0,350.0,604.1666666666662,-1.5707963267948966
0.21666666666666665,0,0,0,350.0,603.3333333333328,-1.5707963267948966
0.2333333333333333,0,0,0,350.0,602.4999999999994,-1.5707963267948966
0.24999999999999997,0,0,0,350.0,601.6666666666661,-1.5707963267948966
0.26666666666666666,0,0,0,350.0,600.8333333333327,-1.5707963267948966
0.2833333333333333,0,0,0,350.0,599.9999999999993,-1.5707963267948966
0.3,0,0,0,350.0,599.166666666666,-1.5707963267948966
0.31666666666666665,0,0,0,350.0,598.3333333333326,-1.5707963267948966
0.3333333333333333,0,0,0,350.0,597.4999999999992,-1.5707963267948966
0.35,0,0,0,350.0,596.6666666666658,-1.5707963267948966
0.36666666666666664,0,0,0,350.0,595.8333333333325,-1.5707963267948966
0.3833333333333333,0,0,0,350.0,594.9999999999991,-1.5707963267948966
0.39999999999999997,0,0,0,350.0,594.1666666666657,-1.5707963267948966
0.41666666666666663,0,0,0,350.0,593.3333333333323,-1.5707963267948966
0.4333333333333333,0,0,0,350.0,592.499999999999,-1.5707963267948966
0.44999999999999996,0,0,0,350.0,591.6666666666656,-1.5707963267948966
0.4666666666666666,0,0,0,350.0,590.8333333333322,-1.5707963267948966
0.4833333333333333,0,0,0,350.0,589.9999999999989,-1.5707963267948966
0.49999999999999994,0,0,0,350.0,589.1666666666655,-1.5707963267948966
0.5166666666666666,0,0,0,350.0,588.3333333333321,-1.5707963267948966
0.5333333333333333,0,0,0,350.0,587.4999999999987,-1.5707963267948966
0.55,0,0,0,350.0,586.6666666666654,-1.5707963267948966
0.5666666666666668,0,0,0,350.0,585.833333333332,-1.5707963267948966
0.5833333333333335,0,0,0,350.0,584.9999999999986,-1.5707963267948966
0.6000000000000002,0,0,0,350.0,584.1666666666653,-1.5707963267948966
0.6166666666666669,0,0,0,350.0,583.3333333333319,-1.5707963267948966
0.6333333333333336,0,0,0,350.0,582.4999999999985,-1.5707963267948966
0.6500000000000004,0,0,0,350.0,581.6666666666652,-1.5707963267948966
0.6666666666666671,0,0,0,350.0,580.8333333333318,-1.5707963267948966
0.6833333333333338,0,0,0,350.0,579.9999999999984,-1.5707963267948966
0.7000000000000005,0,0,0,350.0,579.166666666665,-1.5707963267948966
0.7166666666666672,0,0,0,350.0,578.3333333333317,-1.5707963267948966
0.733333333333334,0,0,0,350.0,577.4999999999983,-1.5707963267948966
0.7500000000000007,0,0,0,350.0,576.6666666666649,-1.5707963267948966
0.7666666666666674,0,0,0,350.0,575.8333333333316,-1.5707963267948966
0.7833333333333341,0,0,0,350.0,574.9999999999982,-1.5707963267948966
0.8000000000000008,0,0,0,350.0,574.1666666666648,-1.5707963267948966
0.8166666666666675,0,0,0,350.0,573.3333333333314,-1.5707963267948966
0.8333333333333343,0,0,0,350.0,572.4999999999981,-1.5707963267948966
0.850000000000001,0,0,0,350.0,571.6666666666647,-1.5707963267948966
0.8666666666666677,0,0,0,350.0,570.8333333333313,-1.5707963267948966
0.8833333333333344,0,0,0,350.0,569.999999999998,-1.5707963267948966
0.9000000000000011,0,0,0,350.0,569.1666666666646,-1.5707963267948966
0.9166666666666679,0,0,0,350.0,568.3333333333312,-1.5707963267948966
0.9333333333333346,0,0,0,350.0,567.4999999999978,-1.5707963267948966
0.9500000000000013,0,0,0,350.0,566.6666666666645,-1.5707963267948966
0.966666666666668,0,0,0,350.0,565.8333333333311,-1.5707963267948966
0.9833333333333347,0,0,0,350.0,564.9999999999977,-1.5707963267948966
1.0000000000000013,0.2862548828125,0,0,350.0,564.1666666666644,-1.5707963267948966
1.016666666666668,0.654876708984375,0,0,350.0,563.3333546722655,-1.570677054945122
1.0333333333333345,0.999969482421875,0,0,350.0000993658652,562.5002505918459,-1.5702861453601962
1.0500000000000012,0.999969482421875,0,0,350.00052402283546,561.6678860553698,-1.5694827668621718
1.0666666666666678,0.999969482421875,0,0,350.00161576129,560.8367569995881,-1.5682715286218396
1.0833333333333344,0.999969482421875,0,0,350.00370986494727,560.0073444826222,-1.56665722556795
1.100000000000001,0.999969482421875,0,0,350.0071338703339,559.1801151771932,-1.56464482432853
1.1166666666666676,0.999969482421875,0,0,350.012206422167,558.3555218559293,-1.5622394496642278
1.1333333333333342,0.999969482421875,0,0,350.0192362222581,557.5340038641971,-1.559446371389964
1.1500000000000008,0.999969482421875,0,0,350.028521069343,556.7159875765268,-1.5562709917802002
1.1666666666666674,0.999969482421875,0,0,350.0403469870845,555.9018868332847,-1.5527188334522684
1.183333333333334,0.999969482421875,0,0,350.0549874373728,555.0921033548069,-1.5487955277214251
1.2000000000000006,0.999969482421875,0,0,350.0727026159662,554.2870271307321,-1.5445068034205953
1.2166666666666672,0.999969482421875,0,0,350.09373882745734,553.4870367827621,-1.5398584761771503
1.2333333333333338,0.999969482421875,0,0,350.1183279365218,552.6924998995338,-1.5348564381385175
1.2500000000000004,0.999969482421875,0,0,350.14668689239636,551.9037733427092,-1.5295066481379376
1.266666666666667,0.999969482421875,0,0,350.1790173235465,551.1212035237742,-1.5238151222912741
1.2833333333333337,0.999969482421875,0,0,350.21550519950455,550.3451266513915,-1.5177879250154185
1.3000000000000003,0.999969482421875,0,0,350.25632055690033,549.5758689494697,-1.511431160458534
1.3166666666666669,0.999969482421875,0,0,350.30161728674943,548.8137468463973,-1.5047509643321375
1.3333333333333335,0.999969482421875,0,0,350.35153298012074,548.0590671361439,-1.4977534961348073
1.35,0.999969482421875,0,0,350.4061888293627,547.3121271121578,-1.4904449317571544
1.3666666666666667,0.999969482421875,0,0,350.46568958213123,546.5732146751795,-1.4828314564575737
1.3833333333333333,0.999969482421875,0,0,350.5301235455284,545.8426084162638,-1.4749192581982151
1.4,0.999969482421875,0,0,350.5995626377269,545.1205776764399,-1.4667145213305648
1.4166666666666665,0.999969482421875,0,0,350.6740624845237,544.407382584561,-1.4582234206200195
1.4333333333333331,0.999969482421875,0,0,350.7536625583324,543.7032740749845,-1.4494521155988467
1.4499999999999997,0.999969482421875,0,0,350.83838635718996,543.0084938868007,-1.440406745236968
1.4666666666666663,0.999969482421875,0,0,350.928241621418,542.3232745463783,-1.4310934229200698
1.483333333333333,0.999969482421875,0,0,351.02322058564215,541.6478393350321,-1.4215182317246302
1.4999999999999996,0.999969482421875,0,0,351.1233002639334,540.982402243634,-1.4116872199795607
1.5166666666666662,0.999969482421875,0,0,351.2284427658947,540.3271679159932,-1.401606397104283
1.5333333333333328,0.999969482421875,0,0,351.3385956415735,539.6823315828177,-1.3912817297132056
1.5499999999999994,0.999969482421875,0,0,351.4536922531351,539.048078988048,-1.3807191379767152
1.566666666666666,0.999969482421875,0,0,351.57365217128694,538.4245863093156,-1.3699244922289646
1.5833333333333326,0.694091796875,0,0,351.69838159449307,537.8120200742353,-1.3589036098129217
1.5999999999999992,0,0,0,351.8286739335027,537.2063527292559,-1.3477566744840446
1.6166666666666658,0,0,0,351.96660887204297,536.5982095282666,-1.3367008118896584
1.6333333333333324,0,0,0,352.11218499983494,535.9877444510282,-1.325735695840407
1.649999999999999,0,0,0,352.26539722585585,535.3751089710161,-1.3148609870742396
1.6666666666666656,0,0,0,352.4262369166732,534.7604520147157,-1.3040763338229968
1.6833333333333322,0,0,0,352.5946920326722,534.1439199257318,-1.293381372362733
1.6999999999999988,0,0,0,352.77074726207945,533.5256564335137,-1.282775727548141
1.7166666666666655,0,0,0,352.95438415269524,532.9058026265076,-1.2722590133314418
1.733333333333332,0,0,0,353.14558124125693,532.2844969295421,-1.2618308332660952
1.7499999999999987,0,0,0,353.3443141803653,531.661875085265,-1.251490780995689
1.7666666666666653,0,0,0,353.5505558629134,531.038070139444,-1.2412384407283477
1.7833333333333319,0,0,0,353.764276543967,530.4132124299537,-1.231073387697008
1.7999999999999985,0,0,0,353.98544396005184,529.7874295792725,-1.2209951886058972
1.816666666666665,0,0,0,354.2140234458126,529.1608464903178,-1.2110034020635452
1.8333333333333317,0,0,0,354.449978048013,528.53358534545,-1.201097579002658
1.8499999999999983,0,0,0,354.6932686368549,527.9057656084827,-1.1912772630871726
1.866666666666665,0,0,0,354.94385401459897,527.2775040295395,-1.1815419911068112
1.8833333333333315,0,0,0,355.20169102147736,526.6489146526004,-1.1718912933594403
1.8999999999999981,0,0,0,355.46673463889164,526.0201088255895,-1.1623246940215448
1.9166666666666647,0,0,0,355.7389380898966,525.391195212855,-1.1528417115071112
1.9333333333333313,0,0,0,356.01825293697414,524.7622798099006,-1.1434418588152173
1.949999999999998,0,0,0,356.3046291771064,524.1334659602313,-1.1341246438666128
1.9666666666666646,0,0,0,356.5980153341606,523.5048543741788,-1.1248895698295753
1.9833333333333312,0,0,0,356.89835854860365,522.8765431495794,-1.1157361354353184
1.9999999999999978,0,0,0,357.20560466456567,522.24862779418,-1.1066638352832225
2.0166666666666644,0,0,0,357.519698314277,521.6212012496511,-1.0976721601361543
2.033333333333331,0,0,0,357.8405829999052,520.9943539170936,-1.0887605972061352
2.0499999999999976,0,0,0,358.16820117282157,520.3681736839261,-1.0799286304306153
2.066666666666664,0,0,0,358.50249431032853,519.7427459520478,-1.0711757407395996
2.083333333333331,0,0,0,358.84340298988315,519.1181536671727,-1.0625014063138745
2.0999999999999974,0,0,0,359.1908669608522,518.4944773492384,-1.0539051028345692
2.116666666666664,0,0,0,359.54482521383716,517.8717951237935,-1.045386303724291
2.1333333333333306,0,0,0,359.90521604760914,517.2501827542741,-1.0369444803800594
2.1499999999999972,0,0,0,360.2719771336946,516.629713675083,-1.028579102398264
2.166666666666664,0,0,0,360.64504557865433,516.0104590253889,-1.0202896377918658
2.1833333333333305,0,0,0,361.0243579840999,515.3924876835647,-1.0120755532000536
2.199999999999997,0,0,0,361.40985050449126,514.7758663021942,-1.0039363140905668
2.2166666666666637,0,0,0,361.8014589027617,514.16065934357,-0.9958713849548868
2.2333333333333303,0,0,0,362.19911860381546,513.5469291156181,-0.9878802294964967
2.249999999999997,0,0,0,362.60276474594536,512.934735808183,-0.9799623108124047
2.2666666666666635,0,0,0,363.0123322302166,512.324137529611,-0.9721170915681208
2.28333333333333,0,0,0,363.42775576786465,511.7151903435749,-0.9643440341662716
2.2999999999999967,0,0,0,363.84896992575466,511.1079483060821,-0.9566426009090357
2.3166666666666633,0,0,0,364.2759091699493,510.50246350261654,-0.9490122541545758
2.33333333333333,0,0,0,364.7085079074336,509.8987860853622,-0.9414524564676384
2.3499999999999965,0,0,0,365.1467005260437,509.29696431046324,-0.9339626707644929
2.366666666666663,0,0,0,365.5904214326463,508.6970445752755,-0.92654236045237
2.3833333333333298,0,0,0,366.03960508961745,508.09907145556826,-0.9191909895635628
2.3999999999999964,0,0,0,366.4941860496657,507.50308774263686,-0.9119080228843441
2.416666666666663,0,0,0,366.954098989047,506.9091344802899,-0.9046929260788542
2.4333333333333296,0,0,0,367.4192787392171,506.31725100167614,-0.8975451658081051
2.449999999999996,0,0,0,367.8896603169668,505.72747496591944,-0.8904642098442478
2.466666666666663,0,0,0,368.3651789530854,505.139842394531,-0.8834495271802424
2.4833333333333294,0,0,0,368.8457701195959,504.55438770757166,-0.8765005881350677
2.499999999999996,0,0,0,369.3313695556067,503.9711437595379,-0.8696168644546055
2.5166666666666626,0,0,0,369.82191329182234,503.390141874947,-0.8627978294083284
2.533333333333329,0,0,0,370.3173376737555,502.81141188359976,-0.8560429578819184
2.549999999999996,0,0,0,370.8175793836829,502.2349821554994,-0.8493517264659403
2.5666666666666624,0,0,0,371.32257546138516,501.66087963540815,-0.8427236135406887
2.583333333333329,0,0,0,371.8322633237112,501.0891298770241,-0.8361580993573283
2.5999999999999956,0,0,0,372.346580783007,500.5197570767618,-0.8296546661154379
2.6166666666666623,0,0,0,372.86546606444733,499.9527841071226,-0.8232127980370724
2.633333333333329,0,0,0,373.38885782230733,499.38823254964217,-0.8168319814374485
2.6499999999999955,0,0,0,373.91669515521295,498.8261227274015,-0.8105117047923606
2.666666666666662,0,0,0,374.4489176204051,498.2664737370933,-0.8042514588024278
2.6833333333333287,0,0,0,374.98546524705324,497.7093034806317,-0.7980507364542729
2.6999999999999953,0,0,0,375.5262785486534,497.15462869629965,-0.7919090330787292
2.716666666666662,0,0,0,376.07129853454455,496.60246498942405,-0.7858258464061689
2.7333333333333285,0,0,0,376.62046672057556,496.0528268625745,-0.7798006766190463
2.749999999999995,0,0,0,377.173725138956,495.5057277452791,-0.7738330264017426
2.7666666666666617,0,0,0,377.73101634732126,494.96118002325335,-0.7679224009878007
2.7833333333333283,0,0,0,378.29228343704295,494.4191950671384,-0.7620683082046333
2.799999999999995,0,0,0,378.8574700408146,493.8797832607458,-0.756270258515786
2.8166666666666615,0,0,0,379.4265203395405,493.342954028807,-0.7505277650608354
2.833333333333328,0,0,0,379.99937906855763,492.80871586422586,-0.7448403436929996
2.8499999999999948,0,0,0,380.57599152321603,492.2770763548338,-0.7392075130145354
2.8666666666666614,0,0,0,381.1563035638456,491.7480422096473,-0.7336287944099961
2.883333333333328,0.356842041015625,0,0,381.7402616201346,491.22161928462856,-0.7281037120774209
2.8999999999999946,0.796051025390625,0,0,382.3259674613971,490.6994576490264,-0.7224915703022785
2.916666666666661,0.999969482421875,0,0,382.911048579152,490.1837169698346,-0.7166217804621577
2.933333333333328,0.999969482421875,0,0,383.49427674367143,489.6756618850271,-0.7104195426931914
2.9499999999999944,0.999969482421875,0,0,384.07553282751417,489.1756314419012,-0.7038909788269934
2.966666666666661,0.999969482421875,0,0,384.6546934305128,488.6839462616749,-0.6970422380982291
2.9833333333333276,0.8509521484375,0,0,385.23163068775534,488.2009085514518,-0.6898794895712386
2.9999999999999942,0.576446533203125,0,0,385.80728148359384,487.7259197806911,-0.6824644703980686
3.016666666666661,0,0,0,386.38359099063655,487.2575267689851,-0.6749035238138992
3.0333333333333274,0,0,0,386.9648088882977,486.79239745835423,-0.6674125979892793
3.049999999999994,0,0,0,387.55085966668605,486.3305593497548,-0.659991156322322
3.0666666666666607,0,0,0,388.14166834908445,485.872038200832,-0.6526386628340523
3.0833333333333273,0,0,0,388.73716051578725,485.41685807090613,-0.6453545822974089
3.099999999999994,0,0,0,389.3372623264188,484.96504136541455,-0.6381383803612124
3.1166666666666605,0,0,0,389.9419005407858,484.51660887978716,-0.6309895236692481
3.133333333333327,0,0,0,390.551002538316,484.0715798427376,-0.6239074799746102
3.1499999999999937,0,0,0,391.16449633613473,483.62997195895184,-0.616891718249445
3.1666666666666603,0,0,0,391.78231060582885,483.1918014511596,-0.6099417087902334
3.183333333333327,0,0,0,392.4043746889485,482.75708310157466,-0.6030569233187438
3.1999999999999935,0,0,0,393.03061861129294,482.32583029269205,-0.5962368350787883
3.21666666666666,0,0,0,393.6609730960288,481.898055047432,-0.5894809189289065
3.2333333333333267,0,0,0,394.29536957568547,481.47376806862144,-0.582788651431102
3.2499999999999933,0,0,0,394.933740203073,481.05297877780527,-0.576159510935752
3.26666666666666,0,0,0,395.57601786116516,480.6356953533821,-0.5695929776628061
3.2833333333333266,0,0,0,396.2221361719907,480.22192476805844,-0.5630885337793892
3.299999999999993,0,0,0,396.87202950457345,479.81167282561796,-0.5566456634739185
3.3166666666666598,0,0,0,397.52563298196156,479.4049441970035,-0.5502638530268448
3.3333333333333264,0,0,0,398.1828824873851,479.00174245570923,-0.5439425908781198
3.349999999999993,0,0,0,398.8437146695789,478.6020701124835,-0.5376813676914951
3.3666666666666596,0,0,0,399.50806694730886,478.20592864934144,-0.5314796764157498
3.383333333333326,0,0,0,400.1758775131357,477.81331855288926,-0.5253370123429454
3.399999999999993,0,0,0,400.847085336452,477.4242393469615,-0.5192528731638008
3.4166666666666594,0,0,0,401.5216301658256,477.0386896245743,-0.5132267590202796
3.433333333333326,0,0,0,402.19945253068175,476.65666707919803,-0.5072581725554792
3.4499999999999926,0,0,0,402.8804937423552,476.2781685353527,-0.501346618960907
3.4666666666666592,0,0,0,403.5646958945436,475.9031899785315,-0.49549160602122916
3.483333333333326,0,0,0,404.25200186319057,475.53172658445703,-0.489692644156573
3.4999999999999925,0,0,0,404.9423553058277,475.1637727476761,-0.48394924646246357
3.516666666666659,0,-0.22867741959089471,-2.424209325083075,405.63570066040216,474.79932210949903,-0.47826092874747034
3.5333333333333257,0,-0.9133019521984806,-7.4868394446030955,406.34585168542174,474.43117809965935,-0.473587602132424
3.5499999999999923,0,-1.6153130497739312,-8.357376878919819,407.08417871052825,474.0527947539665,-0.4720199679730533
3.566666666666659,0,-2.3507125961120323,-9.415656245975478,407.8214279605005,473.67642186811116,-0.47394365595739335
3.5833333333333255,0,-3.091540446894328,-10.211687359868936,408.5179754515056,473.31913680662086,-0.4796572685468082
3.599999999999992,0,-3.797838191353833,-10.590293921821003,409.12742799589563,473.0021146477303,-0.48909144029324875
3.6166666666666587,0,-4.420511848288868,-10.414596850369417,409.64759936509495,472.7252681760398,-0.5008765533130245
3.6333333333333253,0,-4.952160806086056,-10.077360857249358,410.1644720202668,472.44231079310407,-0.5126616663328003
3.649999999999992,0,-5.474913258889728,-10.520181775374173,410.6779741743733,472.1532817981049,-0.5244467793525761
3.6666666666666585,0,-5.988696603032906,-10.953850372979637,411.1880345084962,471.8582213334936,-0.5362318923723519
3.683333333333325,0,-6.493439480543714,-11.37829821030023,411.69458218174236,471.55717037941594,-0.5480170053921277
3.6999999999999917,0,-6.989071789056084,-11.793458128216656,412.1975468410826,471.2501707480205,-0.5598021184119035
3.7166666666666583,0,-7.475524691546127,-12.199264257583913,412.6968586311228,470.93726507765143,-0.5715872314316793
3.733333333333325,0,-7.952730625892627,-12.59565202837829,413.1924482038058,470.6184968269267,-0.5833723444514551
3.7499999999999916,0,-8.420623314260865,-12.982558178669471,413.68424672804315,470.29391026870195,-0.5951574574712309
3.766666666666658,0,-8.879137772307217,-13.359920763398026,414.1721858992749,469.9635504839219,-0.6069425704910067
3.7833333333333248,0,-9.328210318205208,-13.727679162989954,414.656197948956,469.6274633553589,-0.6187276835107826
3.7999999999999914,0,-9.767778581489779,-14.085774091767178,415.13621565396875,469.2856955612406,-0.6305127965305584
3.816666666666658,0,-10.197781511719882,-14.434147606186109,415.6121723459591,468.9382945687667,-0.6422979095503342
3.8333333333333246,0,-10.618159386957473,-14.772743112882546,416.084001920596,468.58530862751667,-0.65408302257011
3.849999999999991,0,-11.028853822062274,-15.10150537653463,416.55163884675255,468.2267867627482,-0.6658681355898858
3.866666666666658,0,-11.429807776800828,-15.420380527534013,417.01501817560745,467.86277876858844,-0.6776532486096616
3.8833333333333244,0,-11.820965563768368,-15.729316069463582,417.47407554966543,467.4933352011181,-0.6894383616294374
3.899999999999991,0,-12.202272856123216,-16.028260886392705,417.92874721169585,467.1185073713499,-0.7012234746492132
3.9166666666666576,0,-12.573676695132292,-16.317165249977513,418.3789700135876,466.7383473381021,-0.713008587668989
3.9333333333333242,0,-12.935125497525974,-16.59598082636093,418.8246814251197,466.3529079007682,-0.7247937006887648
3.949999999999991,0,-13.286569062662807,-16.86466068289468,419.26581954264594,465.96224259198374,-0.7365788137085406
3.9666666666666575,0,-13.62795857950141,-17.12315929464978,419.7023230976925,465.5664056701915,-0.7483639267283164
3.983333333333324,0,-13.959246633379905,-17.371432550744615,420.13413146546725,465.16545211210536,-0.7601490397480922
3.9999999999999907,0,-14.28038721260117,-17.609437760469067,420.5611846732799,464.75943760507494,-0.771934152767868
4.016666666666658,0,-14.591335714823288,-17.8371336592142,420.98342340887143,464.34841853935137,-0.7837192657876438
4.033333333333324,0,-14.89204895325389,-18.054480414199517,421.4007890286518,463.93245200025524,-0.7955043788074196
4.049999999999991,0,-15.182485162649073,-18.2614396300173,421.8132235658447,463.5115957602484,-0.8072894918271954
4.0666666666666575,0,-15.462604005113178,-18.457974353948188,422.22066973853845,463.0859082709098,-0.8190746048469713
4.083333333333324,0,-15.73236657570169,-18.6440490811067,422.6230709576419,462.6554486548175,-0.8308597178667471
4.099999999999991,0,-15.991735407824592,-18.81962975936758,423.0203713347437,462.22027669733745,-0.8426448308865229
4.116666666666657,0,-16.24067447844999,-18.98468379409538,423.4125156898745,461.7804528383197,-0.8544299439062987
4.133333333333324,0,-16.47914921310695,-19.139180052668458,423.79944955917097,461.33603816370436,-0.8662150569260745
4.149999999999991,0,-16.70712649068804,-19.283088868811873,424.1811192024399,460.88709439703734,-0.8780001699458503
4.166666666666657,0,-16.924574648048917,-19.416382046706758,424.5574716106222,460.4336838908979,-0.8897852829656261
4.183333333333324,0,-17.131463484406254,-19.53903286491451,424.92845451315503,459.9758696182386,-0.9015703959854019
4.19999999999999,0,-17.32776426553187,-19.651016080081128,425.2940163852316,459.5137151636392,-0.9133555090051777
4.216666666666657,0,-17.513449727744046,-19.752307930452048,425.6541064549573,459.0472847144754,-0.9251406220249535
4.233333333333324,0,-17.688494081693705,-19.84288613916322,426.0086747104013,458.5766430520042,-0.9369257350447293
4.24999999999999,0,-17.85287301594633,-19.922729917340266,426.3576719065426,458.10185554236676,-0.9487108480645051
4.266666666666657,0,-18.006563700358754,-19.99181996698713,426.7010495721093,457.6229881275094,-0.9604959610842809
4.2833333333333234,0,-18.149544789249603,-20.050138483660106,427.0387600163111,457.1401073160256,-0.9722810741040567
4.29999999999999,0,-18.281796424364188,-20.097669158946914,427.3707563354623,456.6532801739184,-0.9840661871238325
4.316666666666657,0,-18.403300237632266,-20.134397182726154,427.6969924194969,456.1625743152862,-0.9958513001436083
4.333333333333323,0,-18.51403935371974,-20.16030924523354,428.017422958372,455.66805789293153,-1.0076364131633841
4.34999999999999,0,-18.61399839237174,-20.175393538897403,428.3320034483612,455.169799588896,-1.0194215261831598
4.3666666666666565,0,-18.703163470549214,-20.17963975998994,428.64069019823546,454.66786860492084,-1.0312066392029355
4.383333333333323,0,-18.781522204356747,-20.17303911005041,428.94344033533133,454.16233465283585,-1.0429917522227112
4.39999999999999,0,-18.849063710762948,-20.155584297114583,429.2402118115053,453.6532679448773,-1.054776865242487
4.416666666666656,0,-18.905778609111508,-20.127269536718895,429.53096340897383,453.1407391839363,-1.0665619782622626
4.433333333333323,0,-18.95165902242445,-20.088090552712348,429.81565474603804,452.6248195537391,-1.0783470912820383
4.4499999999999895,0,-18.98669857849586,-20.03804457784354,430.09424628269204,452.10558070896053,-1.090132204301814
4.466666666666656,0,-19.010892410777103,-19.977130354149935,430.3666993261147,451.58309476527216,-1.1019173173215897
4.483333333333323,0,-19.024237159052518,-19.905348133128467,430.63297603604354,451.05743428932624,-1.1137024303413654
4.499999999999989,0,-19.026730969906282,-19.82269967570429,430.89303943003017,450.5286722886772,-1.125487543361141
4.516666666666656,0,-19.018373496979905,-19.729188251985537,431.14685338857686,449.9968822016419,-1.1372726563809168
4.533333333333323,0,-18.99916590101992,-19.624818640803955,431.3943826601529,449.46213788709963,-1.1490577694006925
4.549999999999989,0,-18.96911084971731,-19.509597129061834,431.63559286609075,448.9245136142346,-1.1608428824204682
4.566666666666656,0,-18.92821251733625,-19.383531510844985,431.8704505053606,448.3840840522205,-1.1726279954402439
4.583333333333322,0,-18.876476584135105,-19.246631086355183,432.0989229592235,447.8409242598498,-1.1844131084600196
4.599999999999989,0,-18.813910235576884,-19.0989066606046,432.3209784957614,447.29510967510964,-1.1961982214797953
4.616666666666656,0,-18.740522161331683,-18.940370541925716,432.53658627428445,446.7467161047037,-1.207983334499571
4.633333333333322,0,-18.656322554069504,-18.77103654025463,432.74571634961455,446.19581971352414,-1.2197684475193467
4.649999999999989,0,-18.561323108045087,-18.590919965220767,432.948339676244,445.64249701407306,-1.2315535605391223
4.666666666666655,0,-18.455537017473034,-18.40003762400888,433.1444281123699,445.0868248558359,-1.243338673558898
4.683333333333322,0,-18.338978974695976,-18.198407819038476,433.3339544238024,444.5288804146081,-1.2551237865786737
4.699999999999989,0,-18.21166516814361,-17.9860503454113,433.5168922877474,443.96874118177624,-1.2669088995984494
4.716666666666655,0,-18.07361328008443,-17.762986488166774,433.69321629646225,443.40648495355555,-1.2786940126182251
4.733333333333322,0,-17.9248424841698,-17.52923901932401,433.86290196078477,442.842189820185,-1.2904791256380008
4.7499999999999885,0,-17.765373442771136,-17.284832194721368,434.0259257135343,442.27593415508164,-1.3022642386577765
4.766666666666655,0,-17.59522830410998,-17.02979175064442,434.1822649127851,441.7077966039553,-1.3140493516775522
4.783333333333322,0,-17.414430699182162,-16.764144900255822,434.3318978450108,441.13785607388587,-1.325834464697328
4.799999999999988,0,-17.22300573847565,-16.487920329812315,434.4748037281002,440.56619172236424,-1.3376195777171036
4.816666666666655,0,-17.020980008482525,-16.2011481946762,434.6109627142437,439.992882946298,-1.3494046907368793
4.8333333333333215,0,-16.808381568007405,-15.90386011514194,434.74035589268993,439.4180093709844,-1.361189803756655
4.849999999999988,0,-16.585239944269745,-15.596089172028153,434.86296529237205,438.84165083905157,-1.3729749167764307
4.866666666666655,0,-16.351586128802865,-15.277869902089568,434.9787738844039,438.263887399369,-1.3847600297962064
4.883333333333321,0,-16.107452573150056,-14.949238293224992,435.087765584445,437.6847992959302,-1.396545142815982
4.899999999999988,0,-15.852873184357236,-14.610231779472425,435.18992525493434,437.1044669567075,-1.4083302558357578
4.9166666666666545,0,-15.58788332026353,-14.260889235810469,435.2852387071931,436.52297098248175,-1.4201153688555335
4.933333333333321,0,-15.31251978459079,-13.901250972763613,435.373692703395,435.940392135648,-1.4319004818753092
4.949999999999988,0,-15.026820821831848,-13.531358730798942,435.45527495840497,435.35681132899845,-1.4436855948950849
4.966666666666654,0,-14.730826111938882,-13.151255674531292,435.5299741414854,434.77230961448487,-1.4554707079148606
4.983333333333321,0,-14.42457676481257,-12.760986386729684,435.59777987786987,434.18696817196127,-1.4672558209346362
4.999999999999988,0,-14.108115314592169,-12.360596862120602,435.6586827502039,433.60086829790936,-1.479040933954412
5.016666666666654,0,-13.781485713748054,-11.950134501002593,435.71267429985323,433.0140913941472,-1.4908260469741876
5.033333333333321,0,-13.444733326977541,-11.52964810266563,435.75974702807827,432.4267189565238,-1.5026111599939633
5.049999999999987,0,-13.097904924904128,-11.09918785860928,435.7998943970757,431.83883256360014,-1.514396273013739
5.066666666666654,0,-12.741048677581773,-10.658805345574667,435.8331108308867,431.2505138653191,-1.5261813860335147
5.083333333333321,0,-12.374214147804423,-10.208553518377169,435.859391716171,430.66184457166526,-1.5379664990532904
5.099999999999987,0,-11.997452284222561,-9.748486702556212,435.8787334028479,430.0729064413165,-1.549751612073066
5.116666666666654,0,-11.610815414267336,-9.278660586830966,435.89113320460314,429.4837812702886,-1.5615367250928418
5.13333333333332,0,-11.214357236882336,-8.799132215357012,435.896589399262,428.89455088057497,-1.5733218381126175
5.149999999999987,0,-10.808132815066188,-8.30995997981691,435.89510122902834,428.30529710878255,-1.5851069511323932
5.166666666666654,0,-10.392198568224217,-7.811203611295264,435.88666890059017,427.7161017947658,-1.5968920641521689
5.18333333333332,0,-9.966612264333435,-7.302924172000231,435.8712935850906,427.12704677026,-1.6086771771719446
5.199999999999987,0,-9.531433011918466,-6.785184046764986,435.84897741796544,426.53821384751615,-1.6204622901917203
5.2166666666666535,0,-9.086721251842619,-6.258046934396546,435.8197234986465,425.94968480793807,-1.632247403211496
5.23333333333332,0,-8.632538748913248,-5.721577838822268,435.7835358901311,425.3615413907241,-1.6440325162312717
5.249999999999987,0,-8.168948583303518,-5.175843060064387,435.7404196184177,424.7738652815145,-1.6558176292510474
5.266666666666653,0,-7.696015141791122,-4.620910185028193,435.69038067180816,424.1867381010464,-1.667602742270823
5.28333333333332,0,-7.213804108815964,-4.056848078119332,435.6334260000757,423.6002413938177,-1.6793878552905988
5.2999999999999865,0,-6.7223824573575826,-3.483726871679366,435.5695635134999,423.0144566167617,-1.6911729683103744
5.316666666666653,0,-6.2218184396330685,-2.90161795623961,435.4988020817678,422.4294651279335,-1.7029580813301501
5.33333333333332,0,-5.712181577618139,-2.3105939706143133,435.42115153274233,421.84534817521063,-1.7147431943499258
5.349999999999986,0,-5.193542653390921,-1.7107287918025085,435.3366226510972,421.26218688500865,-1.7265283073697015
5.366666666666653,0,-4.665973699301674,-1.1020975247370872,435.24522717681884,420.6800622510138,-1.7383134203894772
5.3833333333333195,0,-4.129547987968124,-0.4847764918462021,435.14697780357636,420.09905512293386,-1.750098533409253
5.399999999999986,0,-3.584340022099127,0.14115677754098677,435.041888176958,419.5192461952694,-1.7618836464290286
5.416666666666653,0,-3.0304255241467217,0.7756235579699675,434.92870625002763,418.9341682669907,-1.7735338500959503
5.433333333333319,0,-2.4717833012976484,1.377180156525756,434.8055782837635,418.33518507091355,-1.784856448369939
5.449999999999986,0,-1.914089618967921,1.9238537602507946,434.67075298726576,417.7149870279497,-1.7956568367217076
5.466666666666653,0,-1.3632938563172274,2.4070662001264473,434.5228157343907,417.06820622639805,-1.8057411534243988
5.483333333333319,0,-0.8257329768460409,2.81674646809752,434.3608866992683,416.3917130635526,-1.8149189621531119
5.499999999999986,0,-0.3082045797957562,3.1416548293273503,434.18479517773386,415.68477560517425,-1.8230103316399109
5.516666666666652,0,0,0,433.9951930557187,414.94903275259514,-1.8298565841812806
5.533333333333319,0,0,0,433.8001888804525,414.21321110969967,-1.8366384519452468
5.549999999999986,0,0,0,433.5998274011874,413.47736420121737,-1.8433564590708218
5.566666666666652,0,0,0,433.3941536735637,412.74154410246575,-1.8500111279426128
5.583333333333319,0,0,0,433.18321302670233,412.0058014616767,-1.8566029791081318
5.599999999999985,0,0,0,432.96705103150487,411.270185522469,-1.8631325311987492
5.616666666666652,0,0,0,432.7457134701326,410.53474414643614,-1.869600300854176
5.633333333333319,0,0,0,432.5192463066359,409.7995238358212,-1.8760068026503671
5.649999999999985,0,0,0,432.2876956587054,409.0645697562507,-1.8823525490307398
5.666666666666652,0,0,0,432.0511077705168,408.329925759502,-1.8886380502406022
5.6833333333333185,0,0,0,431.8095289866416,407.5956344062799,-1.8948638142646919
5.699999999999985,0,0,0,431.56300572699513,406.8617369889795,-1.9010303467677279
5.716666666666652,0,0,0,431.3115844627952,406.1282735544128,-1.9071381510378793
5.733333333333318,0,0,0,431.055311693504,405.3952829264798,-1.9131877279330587
5.749999999999985,0,0,0,430.7942339247256,404.66280272876423,-1.91917957582995
5.7666666666666515,0,0,0,430.52839764703384,403.9308694070356,-1.9251141905756826
5.783333333333318,0,0,0,430.25784931570325,403.19951825164134,-1.9309920654420691
5.799999999999985,0,0,0,429.98263533131797,402.46878341977333,-1.9368136910823202
5.816666666666651,0,0,0,429.7028020212327,401.7386979575929,-1.942579555490158
5.833333333333318,0,0,0,429.4183956218612,401.00929382220187,-1.9482901439612512
5.8499999999999845,0,0,0,429.1294622617677,400.2806019034462,-1.9539459390568934
5.866666666666651,0,0,0,428.8360479455365,399.5526520455404,-1.9595474205698509
5.883333333333318,0,0,0,428.5381985383972,398.82547306850176,-1.96509506549231
5.899999999999984,0,0,0,428.23595975158065,398.09909278938414,-1.9705893479858534
5.916666666666651,0,0,0,427.92937712838506,397.3735380433022,-1.9760307393533956
5.933333333333318,0,0,0,427.6184960309276,396.648834704237,-1.9814197080130145
5.949999999999984,0,0,0,427.3033616275611,395.9250077056159,-1.9867567194736147
5.966666666666651,0,0,0,426.98401888093434,395.20208106065826,-1.9920422363123578
5.983333333333317,0,0,0,426.66051253667393,394.48007788248196,-1.9972767181538025
5.999999999999984,0,0,0,426.33288711266874,393.7590204039637,-2.0024606216506937
6.016666666666651,0,0,0,426.0011868889357,393.0389299973481,-2.007594400466346
6.033333333333317,-0.160797119140625,0,0,425.6654558980479,392.3198271936014,-2.0126785052585623
6.049999999999984,-0.5921630859375,0,0,425.3261734299028,391.6026522900837,-2.0177772113304275
6.06666666666665,-1.0,0,0,424.984550871738,390.88995402631525,-2.023061136273832
6.083333333333317,-1.0,0,0,424.6417628378027,390.18441314795496,-2.0286879605006134
6.099999999999984,-1.0,0,0,424.29777157945017,389.48641519753977,-2.034651627823249
6.11666666666665,-1.0,0,0,423.9525498903949,388.79633016954426,-2.0409460407104594
6.133333333333317,-1.0,0,0,423.6060813901244,388.1145125989951,-2.04756506853198
6.1499999999999835,-1.0,0,0,423.2583607419843,387.44130164776595,-2.0545025554097087
6.16666666666665,-1.0,0,0,422.9093938088859,386.7770211882315,-2.061752327685555
6.183333333333317,-1.0,0,0,422.5591977496103,386.1219798841671,-2.0693082010164643
6.199999999999983,-1.0,0,0,422.2078010586907,385.4764712689665,-2.0771639871071628
6.21666666666665,-1.0,0,0,421.85524355285406,384.8407738214105,-2.0853135000912246
6.2333333333333165,-1.0,0,0,421.5015763069889,384.21515103935735,-2.0937505625710853
6.249999999999983,-1.0,0,0,421.1468615425849,383.5998515118442,-2.1024690113276083
6.26666666666665,-1.0,0,0,420.79117247155983,382.9951089901845,-2.1114627027097828
6.283333333333316,-1.0,0,0,420.434593098353,382.401142458726,-2.1207255177150603
6.299999999999983,-1.0,0,0,420.077217983121,381.81815620599167,-2.1302513667707648
6.3166666666666496,-1.0,0,0,419.71915196882475,381.24633989697327,-2.1400341942268954
6.333333333333316,-1.0,0,0,419.36050987494366,380.68586864737273,-2.150067982570532
6.349999999999983,-1.0,0,0,419.00141616049694,380.1369031006034,-2.160346756371906
6.366666666666649,-1.0,0,0,418.6420045589923,379.59958950836506,-2.1708645859720526
6.383333333333316,-1.0,0,0,418.28241768786,379.0740598155976,-2.181615590921795
6.399999999999983,-1.0,0,0,417.9228066348646,378.5604317505982,-2.1925939431816373
6.416666666666649,-1.0,0,0,417.5633305239198,378.05880892106063,-2.2037938700919546
6.433333333333316,-1.0,0,0,417.2041560626617,377.5692809167571,-2.215209657122678
6.449999999999982,-1.0,0,0,416.8454570740664,377.0919234195419,-2.2268356504114695
6.466666666666649,-0.9058837890625,0,0,416.4860210573253,376.6249887644868,-2.2386207634312454
6.483333333333316,-0.686279296875,0,0,416.1211072508276,376.1623224311,-2.2504058764510213
6.499999999999982,-0.4666748046875,0,0,415.7507663364599,375.70398867785076,-2.262190989470797
6.516666666666649,-0.254913330078125,0,0,415.37504974986496,375.2500511614681,-2.273976102490573
6.5333333333333155,0,0,0,414.9934457151721,374.7999076781225,-2.285743747107098
6.549999999999982,0,0,0,414.6035592091192,374.35081659487787,-2.297418508874132
6.566666666666649,0,0,0,414.2054586164534,373.9029352457324,-2.3090006098864917
6.583333333333315,0,0,0,413.79921511991245,373.4564166936609,-2.320490289579478
6.599999999999982,0,0,0,413.38490253238035,373.0114097449534,-2.3318878040428856
6.6166666666666485,0,0,0,412.9625971333361,372.56805896812403,-2.343193425353849
6.633333333333315,0,0,0,412.53237750963507,372.1265047171244,-2.3544074409281412
6.649999999999982,0,0,0,412.09432440065336,371.6868831586043,-2.3655301528895327
6.666666666666648,0,0,0,411.6485205478124,371.2493263029669,-2.3765618774568207
6.683333333333315,0,0,0,411.19505054849344,370.8139620389755,-2.3875029443481504
6.6999999999999815,0,0,0,410.73400071434105,370.3809141716739,-2.398353696202249
6.716666666666648,0,0,0,410.265458933945,369.9503024633912,-2.4091144880161934
6.733333333333315,0,0,0,409.78951453988486,369.5222426776086,-2.4197856865993495
6.749999999999981,0,0,0,409.30625818011043,369.0968466254735,-2.4303676700431067
6.766666666666648,0,0,0,408.8157816936273,368.6742222147544,-2.4408608272060572
6.783333333333315,0,0,0,408.3181779904485,368.25447350103576,-2.451265557214255
6.799999999999981,0,0,0,407.81354093576806,367.83770074096157,-2.461582268976208
6.816666666666648,0,0,0,407.301965238307,367.4240004473428,-2.4718113807122557
6.833333333333314,0,0,0,406.78354634277673,367.0134654459513,-2.481953319497993
6.849999999999981,0,0,0,406.2583803264016,366.60618493383026,-2.492008520821399
6.866666666666648,0,0,0,405.7265637994368,366.20224453895867,-2.50197742815335
6.883333333333314,0,0,0,405.18819380961526,365.801726381114,-2.5118604925311776
6.899999999999981,0,0,0,404.64336775045393,365.40470913378454,-2.5216581721549693
6.916666666666647,0,0,0,404.0921832733465,365.01126808699007,-2.5313709319962814
6.933333333333314,0,0,0,403.5347382033673,364.62147521087536,-2.540999243418967
6.949999999999981,0,0,0,402.9711304587094,364.2353992199487,-2.55054358381181
6.966666666666647,0,0,0,402.40145797367774,363.8531056378432,-2.5600044362326697
6.983333333333314,0,0,0,401.82581862515593,363.47465686248535,-2.569382289063845
6.9999999999999805,0,0,0,401.2443101624658,363.1001122315614,-2.5786776356783676
7.016666666666647,0.20782470703125,0,0,400.6570301405361,362.7295280881782,-2.58789097411695
7.033333333333314,0.372528076171875,0,0,400.06206604927854,362.3617153639134,-2.5969502450462785
7.04999999999998,0.482330322265625,0,0,399.45802778469874,361.9958144868023,-2.605797815729742
7.066666666666647,0.576446533203125,0,0,398.84415540381923,361.6313413773024,-2.6143946639170537
7.0833333333333135,0.61566162109375,0,0,398.21992754200414,361.2679413627273,-2.6227066901534175
7.09999999999998,0.61566162109375,0,0,397.58539538085654,360.9055704996029,-2.6307191988360286
7.116666666666647,0.61566162109375,0,0,396.94098176502234,360.5443727887801,-2.6384318313274226
7.133333333333313,0.505859375,0,0,396.28710890037075,360.1844721660951,-2.645844422321338
7.14999999999998,0.294097900390625,0,0,395.62505877107554,359.8264390601288,-2.652998340570151
7.1666666666666465,0,0,0,394.9567870883122,359.471196599953,-2.6599743049321387
7.183333333333313,0,0,0,394.284724825385,359.11993011312813,-2.666884836443604
7.19999999999998,0,0,0,393.6089434471137,358.77264423111535,-2.6737304624743126
7.216666666666646,0,0,0,392.929513552193,358.42934231227,-2.680511708815498
7.233333333333313,0,0,0,392.2465048660593,358.0900264828705,-2.6872290995895787
7.24999999999998,0,0,0,391.55998623475597,357.7546976773423,-2.693883157163748
7.266666666666646,0,0,0,390.8700256197532,357.42335567767685,-2.700474402067321
7.283333333333313,0,0,0,390.1766900936791,357.09599915204495,-2.707003352912723
7.299999999999979,0,0,0,389.4800458369201,356.77262569260597,-2.713470526320004
7.316666666666646,0,0,0,388.78015813505056,356.4532318525155,-2.7198764368447765
7.333333333333313,0,0,0,388.07709137705183,356.13781318213387,-2.726221596909464
7.349999999999979,0,0,0,387.3709090542828,355.8263642644401,-2.7325065167377605
7.366666666666646,0,0,0,386.66167376016506,355.5188787496555,-2.7387317042922
7.383333333333312,0,0,0,385.9494471905474,355.2153493890831,-2.7448976652147357
7.399999999999979,0,0,0,385.2342901447143,354.91576806816767,-2.751004902770237
7.416666666666646,0,0,0,384.51626252700595,354.6201258387851,-2.757053917792809
7.433333333333312,0,0,0,383.79542334901714,354.32841295076656,-2.763045208634848
7.449999999999979,0,0,0,383.0718307323439,354.0406188826664,-2.768979271118741
7.4666666666666455,0,0,0,382.3455419118484,353.7567323717818,-2.7748565984911253
7.483333333333312,0,0,0,381.6166132394121,353.47674144343296,-2.7806776813796295
7.499999999999979,0,0,0,380.8851001881509,353.2006334395128,-2.7864430077520086
7.516666666666645,0,0,0,380.1510573570634,352.9283950463163,-2.7921530628776017
7.533333333333312,0,0,0,379.4145384760884,352.6600123216587,-2.7978083292910316
7.5499999999999785,0,0,0,378.67559641154526,352.3954707212928,-2.8034092867580727
7.566666666666645,0,0,0,377.93428317193377,352.13475512463594,-2.8089564122436195
7.583333333333312,0,0,0,377.1906499140704,351.87784985981756,-2.814450179881681
7.599999999999978,0,0,0,376.44474694953885,351.62473872805714,-2.8198910609473358
7.616666666666645,0,0,0,375.69662375143366,351.37540502738466,-2.8252795238305812
7.6333333333333115,0,0,0,374.946328961376,351.12983157571404,-2.830616034012014
7.649999999999978,0,0,0,374.19391039678277,350.8880007332807,-2.8359010540402783
7.666666666666645,0,0,0,373.4394150583697,350.64989442445506,-2.84113504351122
7.683333333333311,0,0,0,372.68288913787063,350.41549415894303,-2.8463184590486943
7.699999999999978,0,0,0,371.9243780259555,350.184781052385,-2.8514517542869617
7.716666666666645,0,0,0,371.16392632033103,349.9577358463646,-2.856535379854624
7.733333333333311,0,0,0,370.4015778340077,349.7343389278393,-2.861569783360041
7.749999999999978,0,0,0,369.63737560371806,349.5145703480038,-2.866555409378182
7.766666666666644,0,0,0,368.8713618984723,349.29840984059774,-2.8714926994388548
7.783333333333311,0,0,0,368.1035782282366,349.08583683966947,-2.8763820920162693
7.799999999999978,0,0,0,367.3340653527217,348.8768304968071,-2.881224022519883
7.816666666666644,0,0,0,366.56286329026887,348.67136969784787,-2.8860189232864863
7.833333333333311,0,0,0,365.7900113268208,348.469433079078,-2.8907672235734814
7.849999999999977,0,0,0,365.015548024967,348.270999042933,-2.895469349553307
7.866666666666644,0,0,0,364.2395112330519,348.0760457732105,-2.9001257243089764
7.883333333333311,0,0,0,363.4619380943356,347.88455124980635,-2.904736767830677
7.899999999999977,0,0,0,362.68286505619756,347.69649326298446,-2.9093028970134
7.916666666666644,0,0,0,361.90232787937356,347.5118494271919,-2.913824525655556
7.9333333333333105,0,0,0,361.1203616472175,347.33059719442934,-2.9183020644585445
7.949999999999977,0,0,0,360.33700077497883,347.1527138671875,-2.9227359210272343
7.966666666666644,0,0,0,359.5522790190885,346.9781766109604,-2.9271264998713282
7.98333333333331,0,0,0,358.766229486445,346.806962466345,-2.9314742024075686
7.999999999999977,0,0,0,357.97888464369436,346.639048360738,-2.93577942696276
8.016666666666644,0,0,0,357.1902763264957,346.4744111196394,-2.9400425687775686
8.033333333333312,0,0,0,356.40043574876773,346.3130274775727,-2.944264020011074
8.04999999999998,0,0,0,355.6093935119093,346.15487408863163,-2.94844416974604
8.066666666666647,0,0,0,354.8171796139874,345.9999275366627,-2.9525834039948746
8.083333333333314,0,0,0,354.02382345888935,345.8481643450931,-2.9566821057062525
8.099999999999982,0,0,0,353.22935386543213,345.69956098641285,-2.960740654772375
8.11666666666665,0,0,0,352.43379907642503,345.55409389132086,-2.964759428036835
8.133333333333317,0,0,0,351.6371867676813,345.41173945754315,-2.9687387993030665
8.149999999999984,0,0,0,350.8395440569741,345.27247405833236,-2.972679139343352
8.166666666666652,0,0,0,350.04089751293304,345.1362740506568,-2.976580815908362
8.18333333333332,0,0,0,349.2412731638782,345.00311578308794,-2.9804441937372093
8.199999999999987,0,0,0,348.4406965065872,344.87297560339374,-2.984269634567985
8.216666666666654,0,0,0,347.6391925149933,344.74582986584704,-2.9880574971487666
8.233333333333322,0,0,0,346.8367856488106,344.62165493825574,-2.9918081372490666
8.24999999999999,0,0,0,346.0334998620842,344.5004272087233,-2.9955219076717094
8.266666666666657,0,0,0,345.2293586116631,344.3821230921469,-2.9991991582651094
8.283333333333324,0,0,0,344.42438486559234,344.26671903646076,-3.002840235935937
8.299999999999992,0,0,0,343.6186011114241,344.1541915286315,-3.00644548466215
8.31666666666666,0,0,0,342.8120293644436,344.04451710041343,-3.0100152455063744
8.333333333333327,0,0,0,342.0046911758106,343.9376723338699,-3.013549856629619
8.349999999999994,0,0,0,341.19660764061206,343.833633866668,-3.0170496533053015
8.366666666666662,0,0,0,340.3877994058274,343.73237839715307,-3.020514967933574
8.38333333333333,0,0,0,339.57828667820274,343.63388268920966,-3.023946130055933
8.399999999999997,0,0,0,338.76808923203413,343.5381235769149,-3.0273434663700964
8.416666666666664,0,0,0,337.95722641685893,343.4450779689912,-3.030707300745132
8.433333333333332,0,0,0,337.14571716505355,343.35472285306327,-3.034037954236826
8.45,0,0,0,336.3335799993376,343.2670352997265,-3.0373357451032783
8.466666666666667,0,0,0,335.52083304018356,343.18199246643167,-3.040600988820705
8.483333333333334,0,0,0,334.7074940131312,343.09957160119166,-3.043833998099445
8.500000000000002,0,0,0,333.8935802560067,343.01975004611626,-3.0470350829001505
8.51666666666667,0,0,0,333.07910872604594,342.9425052407796,-3.050204550450151
8.533333333333337,0,0,0,332.2640960069216,342.86781472542606,-3.053342705259985
8.550000000000004,0,0,0,331.4485583156744,342.79565614401923,-3.0564498491400767
8.566666666666672,0,0,0,330.63251150954784,342.7260072471393,-3.059526281217562
8.58333333333334,0,0,0,329.8159710927267,342.6588458947335,-3.0625722979532393
8.600000000000007,0,0,0,328.99895222297977,342.5941500587241,-3.065588193158642
8.616666666666674,0,0,0,328.18146971820613,342.5318978254791,-3.068574258013225
8.633333333333342,0,0,0,327.36353806288605,342.47206739814936,-3.07153078108165
8.65000000000001,0,0,0,326.5451714144364,342.4146370988769,-3.074458048331165
8.666666666666677,0,0,0,325.72638360947093,342.35958537087885,-3.077356343149068
8.683333333333344,0,0,0,324.9071881699659,342.3068907804105,-3.0802259463602444
8.700000000000012,0,0,0,324.0875983093315,342.256532018612,-3.0830671362447757
8.71666666666668,0,0,0,323.26762693838975,342.20848790324214,-3.085880188555604
8.733333333333347,0,0,0,322.44728667125884,342.1627373803037,-3.0886653765362526
8.750000000000014,0,0,0,321.62658983114545,342.11925952556317,-3.0914229709385883
8.766666666666682,0,0,0,320.80554845604485,342.07803354596905,-3.094153240040624
8.78333333333335,0,0,0,319.98417430434984,342.0390387809721,-3.096856449664354
8.800000000000017,0,0,0,319.1624788603693,342.0022547037504,-3.099532863193609
8.816666666666684,0,0,0,318.34047333975667,341.96766092234355,-3.102182741591937
8.833333333333352,0,0,0,317.51816869485,341.93523718069804,-3.1048063434204924
8.85000000000002,0,0,0,316.695575619923,341.90496335962786,-3.107403924855932
8.866666666666687,0,0,0,315.8727045563494,341.8768194776925,-3.1099757397083163
8.883333333333354,0,0,0,315.04956569768063,341.8507856919961,-3.1125220394390034
8.900000000000022,0,0,0,314.2261689946375,341.8268422989102,-3.1150430731785357
8.91666666666669,0,0,0,313.4025241600174,341.80496973472236,-3.117539087744513
8.933333333333357,0,0,0,312.57864067351767,341.78514857621434,-3.120010327659445
8.950000000000024,0,0,0,311.7545277864758,341.76735954117186,-3.1224570351685856
8.966666666666692,0,0,0,310.93019452652777,341.75158348882826,-3.124879450257734
8.98333333333336,0,0,0,310.1056497021852,341.737801420245,-3.1272778106710093
9.000000000000027,0,0,0,309.2809019073325,341.725994478631,-3.1296523519285864
9.016666666666694,0,0,0,308.45595952564486,341.71614394960346,-3.132003307344394
9.033333333333362,0,0,0,307.6308307349277,341.7082312613922,-3.1343309080437702
9.05000000000003,0,0,0,306.80552351137953,341.70223798498944,-3.1366353829810705
9.066666666666697,0,0,0,305.9800456337781,341.6981458342477,-3.1389169589572252
9.083333333333364,0,0,0,305.1544046875916,341.69593666592755,-3.1411758606372477
9.100000000000032,0,0,0,304.32860806901533,341.69559247969676,-3.1434123105676814
9.1166666666667,0,0,0,303.5026629889356,341.6970954180839,-3.1456265291939913
9.133333333333367,0,0,0,302.67657647682086,341.70042776638695,-3.1478187348778928
9.150000000000034,0,0,0,301.85035538454196,341.7055719525395,-3.149989143914615
9.166666666666702,0,0,0,301.02400639012205,341.71251054693624,-3.152137970550099
9.183333333333369,0,0,0,300.19753600141723,341.72122626221915,-3.154265426998124
9.200000000000037,0,0,0,299.37095055972895,341.7317019530261,-3.1563717234573643
9.216666666666704,0,0,0,298.5442562433492,341.74392061570376,-3.158457068128369
9.233333333333372,0,0,0,297.7174590710394,341.7578653879858,-3.16052166723047
9.250000000000039,0,0,0,296.8905649054441,341.77351954863843,-3.1625657250186077
9.266666666666707,0,0,0,296.0635794564401,341.79086651707433,-3.164589443800078
9.283333333333374,0,0,0,295.2365082844227,341.80988985293646,-3.1665930239511986
9.300000000000042,0,0,0,294.4093568035293,341.83057325565323,-3.1685766639338917
9.316666666666709,0,0,0,293.5821302848016,341.8529005639663,-3.1705405603121783
9.333333333333377,0,0,0,292.75483385928766,341.87685575543185,-3.172484907768591
9.350000000000044,0,0,0,291.92747252108416,341.90242294589746,-3.174409899120493
9.366666666666712,0,0,0,291.10005113032037,341.92958638895465,-3.176315725336314
9.383333333333379,0,0,0,290.2725744160846,341.9583304753692,-3.1782025755516883
9.400000000000047,0,0,0,289.4450469792936,341.9886397324898,-3.1800706370855076
9.416666666666714,0,0,0,288.6174732955068,342.020498823636,-3.1819200954558755
9.433333333333382,0,0.5477400267509154,4.36624126010682,287.7898577176853,342.05389254746734,-3.1837511343959704
9.450000000000049,0,1.3361236103395981,10.424903078987668,286.95726484432976,342.0890142082856,-3.183748262232692
9.466666666666717,0,2.168778112535648,11.68472717792698,286.15282535505094,342.1229459469325,-3.179450812307648
9.483333333333384,0,3.0651136161013426,13.195465408257366,285.44302941053166,342.14983035962496,-3.170735047511772
9.500000000000052,0,3.9593438747830874,14.073444659927976,284.8540239630958,342.16700024934784,-3.158949934491996
9.516666666666719,0,4.793575666019763,14.336484739358001,284.2648570739357,342.17722761164543,-3.14716482147222
9.533333333333387,0,5.623156788061692,15.127042593918436,283.6756105708387,342.1805110260672,-3.135379708452444
9.550000000000054,0,6.447972022642148,15.91255328089138,283.0863662926499,342.17685003658863,-3.1235945954326683
9.566666666666721,0,7.26790681341555,16.692903717930488,282.4972060779051,342.1662451516746,-3.1118094824128923
9.583333333333389,0,8.082847281867885,17.467981539382443,281.9082117534648,342.14869784420875,-3.1000243693931164
9.600000000000056,0,8.892680243132958,18.237675111892933,281.3194651231494,342.1242105512889,-3.0882392563733405
9.616666666666724,0,9.697293221712528,19.001873549913388,280.73104795637795,342.0927866738886,-3.0764541433535646
9.633333333333391,0,10.496574467097332,19.760466731095544,280.143041976811,342.05443057638473,-3.0646690303337887
9.650000000000059,0,11.290412969288127,20.51334531159313,279.5555288510005,342.0091475859514,-3.0528839173140128
9.666666666666726,0,12.078698474213553,21.26040074124523,278.96859017704725,341.95694399182,-3.041098804294237
9.683333333333394,0,12.861321499042788,22.00152527865007,278.38230747326804,341.897827044406,-3.029313691274461
9.700000000000061,0,13.638173347391614,22.736612006134372,277.7967621668737,341.8318049543013,-3.017528578254685
9.716666666666729,0,14.409146124418811,23.46555484459834,277.21203558266,341.7588868911345,-3.005743465234909
9.733333333333396,0,15.174132751811271,24.188248568249143,276.62820893171255,341.6790829822973,-2.993958352215133
9.750000000000064,0,15.93302698265606,24.904588819218937,276.0453633001277,341.59240431153756,-2.9821732391953573
9.766666666666731,0,16.68572341619665,25.614472122055442,275.4635796377507,341.49886291742024,-2.9703881261755813
9.783333333333399,0,17.432117512471564,26.317795898092296,274.8829387469327,341.39847179165525,-2.9586030131558054
9.800000000000066,0,18.172105606834066,27.014458479702498,274.3035212713086,341.29124487729314,-2.9468179001360295
9.816666666666734,0,18.90558492434934,27.704359124408747,273.72540768459635,341.1771970667885,-2.9350327871162536
9.833333333333401,0,19.63245359406912,28.387398028885816,273.1486782794203,341.0563441999317,-2.9232476740964777
9.850000000000069,0,20.35261066317986,29.06347634281298,272.5734131561597,340.92870306164883,-2.9114625610767018
9.866666666666736,0,21.065956111024093,29.732496182609765,271.9996922118235,340.79429137967065,-2.899677448056926
9.883333333333404,0,21.772390862991898,30.394360645026854,271.427595128954,340.65312782207025,-2.88789233503715
9.900000000000071,0,22.471816804281104,31.04897382060579,270.8572013645597,340.5052319946703,-2.876107222017374
9.916666666666739,0,23.164136793524108,31.696240806998773,270.2885901390799,340.35062443832027,-2.864322108997598
9.933333333333406,0,23.849254676279912,32.33606772215374,269.72184042538174,340.1893266260433,-2.852536995977822
9.950000000000074,0,24.527075298388297,32.96836171734529,269.15703093779234,340.02136096005404,-2.8407518829580463
9.966666666666741,0,25.197504519185685,33.593030990076294,268.59424012116585,339.8467507686472,-2.8289667699382703
9.983333333333409,0,25.86044922458035,34.209984796829396,268.0335461399888,339.66552030295765,-2.8171816569184944
10.000000000000076,0,26.515817339984437,34.819133465663924,267.4750268675239,339.47769473359193,-2.8053965438987185
10.016666666666744,0,27.163517843102028,35.42038840867425,266.9187598749946,339.2833001471329,-2.7936114308789426
10.033333333333411,0,27.803460776571143,36.01366213429457,266.3648224208111,339.082363542516,-2.7818263178591667
10.050000000000079,0,28.4355572604575,36.59886825944691,265.81329143984055,338.8749128272802,-2.7700412048393908
10.066666666666746,0,29.05971950459883,37.175921521540594,265.2642435327215,338.66097681369115,-2.758256091819615
10.083333333333414,0,29.675860820797936,37.74473779031512,264.717754955225,338.4405852147403,-2.746470978799839
10.100000000000081,0,30.283895634862517,38.30523407952314,264.17390160766405,338.21376864001763,-2.734685865780063
10.116666666666749,0,30.8837394984902,38.85732855845509,263.63275902435146,337.9805585914606,-2.722900752760287
10.133333333333416,0,31.475309100997492,39.40094056330762,263.09440236310945,337.7409874589788,-2.711115639740511
10.150000000000084,0,32.05852228089066,39.93599060838605,262.5589063948312,337.49508851595556,-2.6993305267207353
10.166666666666751,0,32.633298037276575,40.46240039713968,262.0263454930959,337.24289591462656,-2.6875454137009593
10.183333333333419,0,33.199556541113,40.98009283304206,261.4967936238394,336.9844446813366,-2.6757603006811834
10.200000000000086,0,33.75721914629588,41.48899203029727,260.9703243350811,336.71977071167476,-2.6639751876614075
10.216666666666754,0,34.30620840058194,41.98902332437436,260.4470107467093,336.44891076548925,-2.6521900746416316
10.233333333333421,0,34.84644805634625,42.480113282386256,259.92692554032556,336.17190246178154,-2.6404049616218557
10.250000000000089,0,35.37786308117168,42.96218971327966,259.41014094915033,335.8887842734819,-2.6286198486020798
10.266666666666756,0,35.90037966827012,43.435181677867185,258.8967287479905,335.59959552210586,-2.616834735582304
10.283333333333424,0,36.413925246733356,43.89901949867924,258.38676024327094,335.30437637229284,-2.605049622562528
10.300000000000091,0,36.918428491612104,44.353634769638504,257.8803062631309,335.003167826228,-2.593264509542752
10.316666666666759,0,37.413819333822204,44.798960365563396,257.37743714758676,334.6960117179474,-2.581479396522976
10.333333333333426,0,37.90002896987639,45.23493045149067,256.87822273876293,334.38295070752787,-2.5696942835032
10.350000000000094,0,38.37698987144009,45.661480491817166,256.3827323711914,334.0640282751621,-2.5579091704834243
10.366666666666761,0,38.84463579471043,46.07854725926595,255.8910348621824,333.7392887151197,-2.5461240574636483
10.383333333333429,0,39.30290178961641,46.48606884366376,255.40319850226612,333.4087771295953,-2.5343389444438724
10.400000000000096,0,39.751724208839875,46.883984660543824,254.91929104570838,333.0725394224445,-2.5225538314240965
10.416666666666764,0,40.19104071665521,47.2722354595578,254.43937970110025,332.7306222928083,-2.5107687184043206
10.433333333333431,0,40.62079029758695,47.650763332704635,253.9635311220237,332.3830732286273,-2.4989836053845447
10.450000000000099,0,41.0409132648841,48.01951172237455,253.49181139779427,332.0299405000462,-2.4871984923647688
10.466666666666766,0,41.45135126880993,48.37842542920459,253.02428604428198,331.67127315270966,-2.475413379344993
10.483333333333434,0,41.85204730474584,48.727450619741965,252.56101999481217,331.3071210009505,-2.463628266325217
10.500000000000101,0,42.24294572110881,49.06653483392586,252.102077591147,330.93753462087096,-2.451843153305441
10.516666666666769,0,42.623992227080464,49.39562699236793,251.64752257454927,330.56256534331874,-2.440058040285665
10.533333333333436,0,42.99513390014749,49.71467740345072,251.19741807692944,330.1822652467573,-2.428272927265889
10.550000000000104,0,43.356319193451895,50.023637770227346,250.75182661207754,329.7966871500332,-2.4164878142461133
10.566666666666771,0,43.707497942950255,50.32246119713064,250.3108100669807,329.4058846050401,-2.4047027012263373
10.583333333333439,0,44.04862137438073,50.61110219648382,249.87442969322797,329.009911889281,-2.3929175882065614
10.600000000000106,0,44.379642110037366,50.889516694821644,249.44274609850305,328.6088239983299,-2.3811324751867855
10.616666666666774,0,44.700514175350065,51.15766203900789,249.01581923816687,328.20267663819357,-2.3693473621670096
10.633333333333441,0,45.01119300527003,51.41549700216288,248.5937084069304,327.7915262175747,-2.3575622491472337
10.650000000000109,0,45.311635450459164,51.66298178938649,248.17647223061945,327.37542984003744,-2.3457771361274578
10.666666666666776,0,45.60179978328304,51.90007804328719,247.76416865803222,326.95444529607647,-2.333992023107682
10.683333333333444,0,45.881645703606324,52.12674884930836,247.356854952891,326.5286310550906,-2.322206910087906
10.700000000000111,0,46.15113434438993,52.34295874085548,246.95458768588904,326.0980462572621,-2.31042179706813
10.716666666666779,0,46.4102282770892,52.54867370422223,246.55742272683338,325.66275070534306,-2.298636684048354
10.733333333333446,0,46.65889151685215,52.743861183313314,246.16541523688545,325.22280485634917,-2.286851571028578
10.750000000000114,0,46.897089527517466,52.928490084168864,245.77861966089984,324.7782698131634,-2.2750664580088023
10.766666666666781,0,47.124789226411025,53.10253077927998,245.39708971986252,324.32920731604935,-2.2632813449890263
10.783333333333449,0,47.34195898894066,53.2659551117049,245.02087840342978,323.87567973407647,-2.2514962319692504
10.800000000000116,0,47.54856865298845,53.418736398979945,244.65003796256858,323.41775005645763,-2.2397111189494745
10.816666666666784,0,47.74458952309985,53.56084943682507,244.2846199022996,322.9554818838008,-2.2279260059296986
10.833333333333451,0,47.92999437446912,53.6922705026444,243.9246749745438,322.48893941927577,-2.2161408929099227
10.850000000000119,0,48.10475745672045,53.81297735882024,243.5702531710736,322.0181874596971,-2.2043557798901467
10.866666666666786,0,48.26885449748454,53.922949255804305,243.2214037165698,321.5432913865247,-2.192570666870371
10.883333333333454,0,48.42226270576947,54.022166934995056,242.87817506178473,321.064317156783,-2.180785553850595
10.900000000000121,0,48.56496077512625,54.11061263141676,242.54061487681315,320.5813312939007,-2.169000440830819
10.916666666666789,0,48.696928886607964,54.18827007618439,242.20877004447144,320.0944008784712,-2.157215327811043
10.933333333333456,0,48.81814871152241,54.25512449876463,241.8826866537862,319.6035935389362,-2.145430214791267
10.950000000000124,0,48.92860341397764,54.31116262902533,241.5624099935931,319.1089774421927,-2.1336451017714912
10.966666666666791,0,49.0282776532203,54.35637269908055,241.24798454624673,318.6106212841258,-2.1218599887517153
10.983333333333459,0,49.11715758576631,54.390744444924465,240.9394539814427,318.1085942800673,-2.1100748757319394
11.000000000000126,0,49.195230867323374,54.41426910785503,240.63686115015238,317.6029661551831,-2.0982897627121635
11.016666666666794,0,49.26248665450581,54.42693943569547,240.34024807867146,317.0938071347888,-2.0865046496923876
11.033333333333461,0,49.318915606340084,54.428749683793804,240.04965596278308,316.5811879345965,-2.0747195366726117
11.050000000000129,0,49.364509885562484,54.419695615827735,239.76512516203618,316.06517975089344,-2.0629344236528357
11.066666666666796,0,49.399263159707544,54.39977450439005,239.48669519414017,315.54585425065335,-2.05114931063306
11.083333333333464,0,49.42317060198749,54.36898513136691,239.2144047294763,315.02328356158307,-2.039364197613284
11.100000000000131,0,49.43622889196271,54.3273277881087,238.94829158572705,314.49754026210496,-2.027579084593508
11.116666666666799,0,49.43843621600274,54.2748042753869,238.6883927226234,313.9686973712766,-2.015793971573732
11.133333333333466,0,49.42979226753843,54.211417903148465,238.43474423681192,313.43682833864943,-2.004008858553956
11.150000000000134,0,49.41029824710418,54.13717349004989,238.18738135684126,312.90200703406737,-1.9922237455341805
11.166666666666801,0,49.379956862171525,54.05207736279473,237.9463384382693,312.3643077374075,-1.9804386325144048
11.183333333333469,0,49.338772326772954,53.956137355250135,237.7116489588917,311.8238051282633,-1.968653519494629
11.200000000000136,0,49.28675036091664,53.84936280736043,237.4833455140922,311.28057427557275,-1.9568684064748534
11.216666666666804,0,49.22389818979195,53.73176456384911,237.26145981231565,310.7346906271921,-1.9450832934550777
11.233333333333471,0,49.15022454276604,53.603354972714214,237.0460226706639,310.18622999941726,-1.933298180435302
11.250000000000139,0,49.065739652171544,53.4641478835135,236.83706401061585,309.6352685664538,-1.9215130674155263
11.266666666666806,0,48.97045525188514,53.31415864543667,236.63461285387174,309.0818828498373,-1.9097279543957506
11.283333333333474,0,48.86438457569818,53.153404105180066,236.43869731832234,308.5261497078055,-1.897942841375975
11.300000000000141,0,48.747542355478544,52.98190260460219,236.24934461414375,307.96814632462355,-1.8861577283561992
11.316666666666809,0,48.619944819124555,52.79967397817756,236.0665810400183,307.40795019986444,-1.8743726153364235
11.333333333333476,0,48.481609688311096,52.6067395502415,235.89043197948192,306.845639137645,-1.8625875023166478
11.350000000000144,0,48.33255617602842,52.40312213203036,235.72092189739874,306.2812912358199,-1.8508023892968721
11.366666666666811,0,48.172804983913636,52.18884601851128,235.55807433656324,305.714984875135,-1.8390172762770964
11.383333333333479,0,48.00237829937555,51.96393698500885,235.40191191443043,305.1467987083412,-1.8272321632573207
11.400000000000146,0,47.821299792513,51.728422283623985,235.25245631997456,304.5768116492705,-1.815447050237545
11.416666666666814,0,47.62959461282753,51.48233063945128,235.10972831067684,304.00510286187597,-1.8036619372177694
11.433333333333481,0,47.427289385730404,51.22569224658798,234.97374770964245,303.4317517492368,-1.7918768241979937
11.450000000000149,0,47.21441220884461,50.95853876393979,234.84453340284742,302.8568379425304,-1.780091711178218
11.466666666666816,0,46.99099264810249,50.68090331082512,234.7221033365155,302.28044128997226,-1.7683065981584423
11.483333333333483,0,46.75706173363949,50.39282046237525,234.60647451462577,301.7026418457266,-1.7565214851386666
11.500000000000151,0,46.51265195548433,50.09432624473087,234.49766299655099,301.12351985878735,-1.7447363721188909
11.516666666666818,0,46.25779725904658,49.78545813003933,234.39568389482704,300.54315576183285,-1.7329512590991152
11.533333333333486,0,45.992533040402265,49.466255031252324,234.30055137305413,299.96163016005477,-1.7211661460793395
11.550000000000153,0,45.71689614137756,49.1367572967173,234.21227864392958,299.379023819963,-1.7093810330595638
11.566666666666821,0,45.430924844431985,48.79700670457578,234.13087796741277,298.7954176581682,-1.697595920039788
11.583333333333488,0,45.13465886734153,48.447046456961814,234.05636064902237,298.21089273014366,-1.6858108070200124
11.600000000000156,0,44.82813935768232,48.08692117400025,233.98873703826612,297.62553021896747,-1.6740256940002367
11.616666666666823,0,44.51140888711575,47.716676887610156,233.9280165272035,297.03941142404744,-1.662240580980461
11.633333333333491,0,44.184511445475806,47.336361035111295,233.8742075491412,296.4526177498296,-1.6504554679606853
11.650000000000158,0,43.84749243465944,46.946022452635965,233.8273175774619,295.865230694492,-1.6386703549409096
11.666666666666826,0,43.50039866232089,46.5457113683467,233.78735312458633,295.277331838626,-1.626885241921134
11.683333333333493,0,43.143278335370496,46.135479395458006,233.75431974106866,294.68900283390536,-1.6151001289013582
11.700000000000161,0,42.77618105327963,45.715379525071874,233.72822201482572,294.1003253917461,-1.6033150158815825
11.716666666666828,0,42.39915780119185,45.28546611881492,233.70906357049975,293.51138127195776,-1.5915299028618068
11.733333333333496,0,42.012260942841635,44.8457949012882,233.69684706895504,292.92225227138806,-1.5797447898420311
11.750000000000163,0,41.615544213281765,44.3964229523289,233.69157420690823,292.3330202125623,-1.5679596768222555
11.766666666666831,0,41.20906271142036,43.93740869908416,233.69324571669281,291.7437669323192,-1.5561745638024798
11.783333333333498,0,40.79287289236814,43.468811907892494,233.70186136615735,291.1545742704449,-1.544389450782704
11.800000000000166,0,40.36703255959759,42.990693675985604,233.71741995869772,290.56552405830644,-1.5326043377629284
11.816666666666833,0,39.93160085691483,42.50311642300249,233.73991933342327,289.97669810748636,-1.5208192247431527
11.833333333333501,0,39.48663826024526,42.006143882319826,233.76935636545704,289.3881781984202,-1.509034111723377
11.850000000000168,0,39.03220656923429,41.499841092200676,233.80572696636966,288.8000460690381,-1.4972489987036013
11.866666666666836,0,38.56836889866403,40.9842743867599,233.84902608474727,288.21238340341273,-1.4854638856838256
11.883333333333503,0,38.095189669687585,40.4595113867537,233.899247706893,287.625271820414,-1.47367877266405
11.90000000000017,0,37.61273460088165,39.9256209901856,233.9563848576623,287.0387928623736,-1.4618936596442742
11.916666666666838,0,37.12107069911909,39.382673362738494,234.02042960143163,286.45302798375957,-1.4501085466244985
11.933333333333506,0,36.6202662502626,38.83073992803063,234.09137304320063,285.8680585398634,-1.4383234336047228
11.950000000000173,0,36.110390809680666,38.26989335769404,234.16920532982758,285.28396577550086,-1.4265383205849471
11.96666666666684,0,35.59151519258697,37.70020756128002,234.25391565139773,284.7008308137281,-1.4147532075651714
11.983333333333508,0,35.0637114642054,37.12175767599908,234.34549224272487,284.11873464457466,-1.4029680945453957
12.000000000000176,0,34.527052929760885,36.53462005628008,234.44392238498517,283.53775811379495,-1.39118298152562
12.016666666666843,0,33.98161412429826,35.938872263167895,234.54919240748376,282.9579819116399,-1.3793978685058443
12.03333333333351,0,33.42747080233045,35.334593053552574,234.66128768955338,282.37948656164997,-1.3676127554860686
12.050000000000178,0,32.864699927316906,34.721862369227374,234.78019266258508,281.80235240947167,-1.355827642466293
12.066666666666846,0,32.29337966097455,34.100761325789385,234.9058908121904,281.2266596116984,-1.3440425294465173
12.083333333333513,0,31.713589352421906,33.471372201370365,235.03836468049505,280.6524881247377,-1.3322574164267416
12.10000000000018,0,31.12540952715875,32.833778425213495,235.17759586856363,280.07991769370653,-1.3204723034069659
12.116666666666848,0,30.528921875881963,32.18806456608169,235.32356503895494,279.5090278413554,-1.3086871903871902
12.133333333333516,0,29.924209243139785,31.534316320514918,235.47625191840774,278.9398978570239,-1.2969020773674145
12.150000000000183,0,29.311355615825818,30.872620500927596,235.63563530065645,278.37260678562825,-1.2851169643476388
12.16666666666685,0,28.69044611151429,30.203065023551016,235.80169304937638,277.8072334166832,-1.273331851327863
12.183333333333518,0,28.061566966638168,29.525738896221405,235.9744021012583,277.24385627335886,-1.2615467383080874
12.200000000000186,0,27.424805524512237,28.840732206021833,236.1537384692115,276.6825536015751,-1.2497616252883117
12.216666666666853,0,26.780250223202074,28.14813610676624,236.33967724569538,276.123403359134,-1.237976512268536
12.23333333333352,0,26.12799058324123,27.44804280634208,236.53219260617877,275.5664832048927,-1.2261913992487603
12.250000000000188,0,25.468117195197777,26.74054555390082,236.73125781272662,275.01187048797726,-1.2144062862289846
12.266666666666856,0,24.80072170709269,26.025738626911128,236.9368452177136,274.45964223704027,-1.202621173209209
12.283333333333523,0,24.12589681167094,25.303717318061075,237.1489262676639,273.90987514956214,-1.1908360601894332
12.30000000000019,0,23.44373623352763,24.57457792202431,237.3674715072171,273.36264558119905,-1.1790509471696575
12.316666666666858,0,22.754334716090938,23.838417722087243,237.59245058321898,272.818029535178,-1.1672658341498818
12.333333333333526,0,22.057788008463405,23.095334976636103,237.82383224893735,272.27610265174116,-1.1554807211301061
12.350000000000193,0,21.35419285212359,22.345428905510502,238.06158436840167,271.7369401976399,-1.1436956081103304
12.36666666666686,0,20.643646967489985,21.588799676224024,238.30567392086644,271.20061705568185,-1.1319104950905547
12.383333333333528,0,19.92624904034878,20.82554839005018,238.55606700539727,270.66720771433006,-1.120125382070779
12.400000000000196,0,19.202098708147787,20.055777067983392,238.81272884557941,270.1367862573578,-1.1083402690510034
12.416666666666863,0,18.471296546157873,19.279588636565986,239.07562379434762,269.6094263535593,-1.0965551560312277
12.43333333333353,0,17.733944053504672,18.49708691359873,239.3447153389372,269.08520124651784,-1.084770043011452
12.450000000000198,0,16.99014363907122,17.70837659371395,239.61996610595503,268.5641837444334,-1.0729849299916763
12.466666666666866,0,16.239998607275027,16.9135632338427,239.9013378665704,268.0464462100104,-1.0611998169719006
12.483333333333533,0,15.483613143720163,16.11275323854833,240.18879154182446,267.53206055040744,-1.0494147039521249
12.5000000000002,0,14.721092300727321,15.306053845251622,240.48228720805767,267.02109820725036,-1.0376295909323492
12.516666666666868,0,13.952541982743497,14.493573109337119,240.78178410245488,266.51363014670994,-1.0258444779125735
12.533333333333536,0,13.178068931632794,13.675419889139995,241.08724062870664,266.0097268496455,-1.0140593648927978
12.550000000000203,0,12.397780711851937,12.851703830837518,241.39861436278645,265.50945830181604,-1.002274251873022
12.56666666666687,0,11.611785695510434,12.022535353209335,241.71586205884287,265.0128939841601,-0.9904891388532463
12.583333333333538,0,10.820193047319208,11.188025632308076,242.03893965520587,264.5201028631458,-0.9787040258334705
12.600000000000206,0,10.0231127094292,10.348286586019189,242.36780228050642,264.0311533811922,-0.9669189128136947
12.616666666666873,0,9.22065538616161,9.503430858512989,242.70240425990855,263.5461134471637,-0.9551337997939189
12.63333333333354,0,8.412932528632439,8.65357180460126,243.04269912145298,263.065050426938,-0.9433486867741431
12.650000000000208,0,7.600056319273449,7.7988234739952835,243.38863960251152,262.58803113405014,-0.9315635737543673
12.666666666666876,0,6.782139656251559,6.939300595465802,243.74017765635122,262.1151218204129,-0.9197784607345915
12.683333333333543,0,5.959296137788471,6.075118560905001,244.09726445880753,261.6463881671153,-0.9079933477148157
12.70000000000021,0,5.131640046383438,5.20639340930369,244.4598504150652,261.18189527529995,-0.8962082346950399
12.716666666666878,0,4.299286332940937,4.333241810634429,244.8278851665465,260.72170765712195,-0.884423121675264
12.733333333333546,0,3.462350600805337,3.4557810496458785,245.20131759790536,260.2658892267885,-0.8726380086554882
12.750000000000213,0,2.620949089705192,2.574129009575815,245.58009584412656,259.8145032916822,-0.8608528956357124
12.76666666666688,0,1.7751986596090035,1.6884041557772154,245.9641672977293,259.3676125435684,-0.8490677826159366
12.783333333333548,0,0.925216774494686,0.7987255192633551,246.35347861607346,258.92527904988816,-0.8372826695961608
12.800000000000216,0,0.07112148603548007,-0.09478731982074429,246.74797572876847,258.48756424513795,-0.825497556576385
12.816666666666883,0,0,0,247.1516685521796,258.05012442316854,-0.8138335443862997
12.83333333333355,0,0,0,247.56352831424783,257.6141496635485,-0.8022621660793252
12.850000000000218,0,0,0,247.98347912606303,257.1797903983827,-0.7907831802553982
12.866666666666886,0,0,0,248.4114426121825,256.7471927311504,-0.7793963289382325
12.883333333333553,0,0,0,248.84733807305076,256.31649846084525,-0.768101338240313
12.90000000000022,0,0,0,249.29108264296002,255.88784511026202,-0.7568979190094843
12.916666666666888,0,0,0,249.7425914435309,255.4613659581722,-0.745785767457526
12.933333333333556,0,0,0,250.20177773270353,255.0371900751378,-0.7347645657710982
12.950000000000223,0,0,0,250.66855304923843,254.61544236271942,-0.7238339827054416
12.96666666666689,0,0,0,251.14282735273585,254.19624359584256,-0.7129936741612092
12.983333333333558,0,0,0,251.62450915919075,253.7797104680941,-0.7022432837448036
13.000000000000226,0,0,0,252.11350567210812,253.36595563972787,-0.6915824433125913
13.016666666666893,0,0,0,252.60972290921086,252.9550877881667,-0.6810107734993576
13.03333333333356,0,0,0,253.11306582477883,252.5472116607954,-0.6705278842313636
13.050000000000228,0,0,0,253.6234384276641,252.1424281298472,-0.6601333752243609
13.066666666666896,0,0,0,254.14074389503259,251.7408342491938,-0.6498268364669147
13.083333333333563,0,0,0,254.664884681888,251.34252331285688,-0.6396078486893815
13.10000000000023,0,0,0,255.19576262643795,250.94758491506605,-0.6294759838188798
13.116666666666898,0,0,0,255.73327905136685,250.55610501169605,-0.6194308054205933
13.133333333333566,0,0,0,256.2773348610836,250.16816598292343,-0.6094718691257308
13.150000000000233,0,0,0,256.82783063501574,249.7838466969497,-0.5995987230464728
13.1666666666669,0,0,0,257.3846667170242,249.4032225746454,-0.5898109081782189
13.183333333333568,0,0,0,257.9477433010158,249.02636565497642,-0.580107958789454
13.200000000000236,0,0,0,258.51696051283335,248.65334466108035,-0.570489402799537
13.216666666666903,0,0,0,259.0922184885032,248.28422506686823,-0.5609547621447178
13.23333333333357,0,0,0,259.67341744892485,247.91906916403207,-0.5515035531326778
13.250000000000238,0,0,0,260.2604577710851,247.55793612934636,-0.5421352867858851
13.266666666666906,0,0,0,260.85324005588313,247.20088209215666,-0.5328494691740506
13.283333333333573,0,0,0,261.4516651926518,246.84796020195526,-0.5236456017359663
13.30000000000024,0,0,0,262.05563442046196,246.499220695949,-0.514523181590998
13.316666666666908,0,0,0,262.66504938629714,246.15471096653044,-0.5054817018405036
13.333333333333576,0,0,0,263.2798122001845,245.8144756285687,-0.49652065185944066
13.350000000000243,0,0,0,263.8998254873702,245.47855658644121,-0.48763951757842083
13.36666666666691,0,0,0,264.5249924376254,245.146993100734,-0.47883778175646396
13.383333333333578,0,0,0,265.1552168517689,244.8198218545408,-0.4701149242447008
13.400000000000245,0,0,0,265.7904031854933,244.49707701929833,-0.46147042224126555
13.416666666666913,0,0,0,266.43045659057844,244.17879032009762,-0.45290375053761545
13.43333333333358,0,0,0,267.0752829535773,243.86499110041714,-0.44441438175651005
13.450000000000248,0,0,0,267.72478893205766,243.55570638622638,-0.43600178658187627
13.466666666666915,0,0,0,268.37888198848134,243.25096094941344,-0.42766543398078155
13.483333333333583,0,0,0,269.03747042180305,242.95077737049357,-0.4194047914177315
13.50000000000025,0,0,0,269.70046339686786,242.65517610055912,-0.4112193250615043
13.516666666666918,0,0,0,270.36777097168704,242.3641755224355,-0.4031084999847285
13.533333333333585,-0.349029541015625,0,0,271.03930412266874,242.07779201101,-0.39507178035640655
13.550000000000253,-0.82745361328125,0,0,271.71815560089163,241.7947135977707,-0.3872366868172844
13.56666666666692,-1.0,0,0,272.4082595859644,241.51326962658632,-0.37978040824644044
13.583333333333588,-1.0,0,0,273.11039964108005,241.23300472190147,-0.37276912104226323
13.600000000000255,-1.0,0,0,273.8237627922275,240.954042423282,-0.366204442985318
13.616666666666923,-1.0,0,0,274.54754137213337,240.6764711613665,-0.3600874762117436
13.63333333333359,-1.0,0,0,275.2809346873856,240.40034657990165,-0.35441882892694293
13.650000000000258,-1.0,0,0,276.0231505130412,240.1256938908647,-0.34919863686168046
13.666666666666925,-1.0,0,0,276.7734064221505,239.8525102449845,-0.34442658443470414
13.683333333333593,-1.0,0,0,277.5309309584567,239.58076710151366,-0.3401019255896541
13.70000000000026,-1.0,0,0,278.29496466116507,239.31041258262604,-0.33622350427746195
13.716666666666928,-1.0,0,0,279.0647609511393,239.04137379930202,-0.3327897745586966
13.733333333333595,-1.0,0,0,279.8395868881787,238.77355913700393,-0.32979882030337054
13.750000000000263,-1.0,0,0,280.6187238091897,238.5068604908287,-0.3272483744685989
13.76666666666693,-1.0,0,0,281.4014678570902,238.24115544114096,-0.32513583793720213
13.783333333333598,-1.0,0,0,282.18713041019885,237.97630936193585,-0.3234582979028695
13.800000000000265,-1.0,0,0,282.97503842167606,237.71217745534972,-0.3222125457898618
13.816666666666933,-1.0,0,0,283.76453467831453,237.44860670682672,-0.3213950946974334
13.8333333333336,-1.0,0,0,284.55497798763554,237.18543775645915,-0.32100219636120125
13.850000000000268,-1.0,0,0,285.3457433018489,236.92250668294832,-0.32102985762559083
13.866666666666935,-1.0,0,0,286.1362217867902,236.6596466974834,-0.32147385642324794
13.883333333333603,-1.0,0,0,286.9258208434662,236.39668974560826,-0.32232975725893437
13.90000000000027,-1.0,0,0,287.7139640893359,236.13346801584464,-0.3235929261969212
13.916666666666938,-1.0,0,0,288.50009130592775,235.86981535446736,-0.3252585453522736
13.933333333333605,-1.0,0,0,289.28365835886507,235.60556858638637,-0.32732162688767935
13.950000000000273,-1.0,0,0,290.0641370958344,235.3405687425863,-0.3297770265186278
13.96666666666694,-1.0,0,0,290.84101522750353,235.07466219501077,-0.3326194565307915
13.983333333333608,-1.0,0,0,291.6137961958747,234.80770170015933,-0.335843498314415
14.000000000000275,-1.0,0,0,292.38199903405143,234.53954735299556,-0.3394436144213702
14.016666666666943,-1.0,0,0,293.14515822090885,234.2700674530481,-0.34341416015130943
14.03333333333361,-1.0,0,0,293.9028235336899,233.99913928482772,-0.3477493946740349
14.050000000000278,-1.0,0,0,294.65455990110235,233.72664981488563,-0.35244349169581357
14.066666666666945,-1.0,0,0,295.399947259074,233.45249630800686,-0.3574905496779067
14.083333333333613,-1.0,0,0,296.1385804109284,233.17658686516822,-0.3628846016160521
14.10000000000028,-1.0,0,0,296.8700688933769,232.89884088600027,-0.368619624390048
14.116666666666948,-1.0,0,0,297.5940368493855,232.61918945857684,-0.374689547692934
14.133333333333615,-1.0,0,0,298.3101229086629,232.3375756794183,-0.3810882625495615
14.150000000000283,-1.0,0,0,299.017980076236,232.05395490663875,-0.387809629434586
14.16666666666695,-1.0,0,0,299.71727562932125,231.76829494919414,-0.39484748600011366
14.183333333333618,-1.0,0,0,300.4076910224748,231.4805761952013,-0.4021956544233841
14.200000000000285,-1.0,0,0,301.0889218008009,231.19079168229771,-0.4098479483849857
14.216666666666953,-1.0,0,0,301.76067752082207,230.8989471130012,-0.4177981796881725
14.23333333333362,-1.0,0,0,302.42268167846186,230.60506081800924,-0.4260401645298949
14.250000000000288,-1.0,0,0,303.074671643461,230.30916367034894,-0.4345677294341648
14.266666666666955,-1.0,0,0,303.7163985994404,230.01129895325548,-0.44337471685835644
14.283333333333623,-1.0,0,0,304.3476274887365,229.71152218461515,-0.4524549904830008
14.30000000000029,-1.0,0,0,304.96813696106625,229.409900900765,-0.4618024401955605
14.316666666666958,-1.0,0,0,305.5777193250285,229.10651440239158,-0.4714109867785838
14.333333333333625,-1.0,0,0,306.17618050141397,228.80145346521874,-0.4812745863125265
14.350000000000293,-1.0,0,0,306.76333997727664,228.4948200181184,-0.4913872343034029
14.36666666666696,-1.0,0,0,307.3390307597149,228.1867267912208,-0.501742969545286
14.383333333333628,-1.0,0,0,307.90309932831593,227.87729693654012,-0.5123358777275204
14.400000000000295,-1.0,0,0,308.45540558523726,227.566663623569,-0.5231600947963446
14.416666666666963,-1.0,0,0,308.9958228019252,227.25496961223277,-0.5342098100804381
14.43333333333363,-1.0,0,0,309.52423756150824,226.94236680552825,-0.5454792691897244
14.450000000000298,-1.0,0,0,310.0405496959477,226.62901578410666,-0.5569627766965639
14.466666666666965,-0.98431396484375,0,0,310.54467221707847,226.31508532499225,-0.5686546986082666
14.483333333333633,-0.835296630859375,0,0,311.0411944558085,225.99777177553574,-0.5804398116280424
14.5000000000003,-0.662750244140625,0,0,311.53394272474725,225.67462882623914,-0.5922249246478182
14.516666666666968,-0.458831787109375,0,0,312.0228485874272,225.34570135754822,-0.604010037667594
14.533333333333635,-0.270599365234375,0,0,312.50784414104214,225.01103505330485,-0.6157951506873698
14.550000000000303,0,0,0,312.98938556707225,224.67030594709811,-0.6275674227814881
14.56666666666697,0,0,0,313.4706047423566,224.32123169256826,-0.6392468014397475
14.583333333333638,0,0,0,313.95133879749545,223.96386661651132,-0.6508335078758155
14.600000000000305,0,0,0,314.4314288753364,223.59826821190882,-0.6623277806784804
14.616666666666973,0,0,0,314.9107201314919,223.22449696928112,-0.67372987512471
14.63333333333364,0,0,0,315.3890617299184,222.84261621191774,-0.6850400625115723
14.650000000000308,0,0,0,315.86630683381816,222.4526919350485,-0.6962586295066241
14.666666666666975,0,0,0,316.3423125921194,222.05479264900745,-0.7073858775163794
14.683333333333643,0,0,0,316.81694012178326,221.64898922643061,-0.7184221220724697
14.70000000000031,0,0,0,317.29005448618045,221.23535475351756,-0.7293676922351138
14.716666666666978,0,0,0,317.76152466977493,220.81396438537703,-0.7402229300135179
14.733333333333645,0,0,0,318.2312235493436,220.38489520546796,-0.7509881898028316
14.750000000000313,0,0,0,318.69902786195576,219.94822608913736,-0.7616638378372882
14.76666666666698,0,0,0,319.16481816992854,219.50403757124997,-0.7722502516591647
14.783333333333648,0,0,0,319.6284788229681,219.0524117178953,-0.7827478196031988
14.800000000000315,0,0,0,320.0898979176986,218.59343200215207,-0.7931569402961067
14.816666666666983,0,0,0,320.548967254775,218.12718318388252,-0.8034780221708505
14.83333333333365,0,0,0,321.0055822937684,217.6537511935236,-0.8137114829953083
14.850000000000318,0,0,0,321.45964210600505,217.17322301983617,-0.8238577494150058
14.866666666666985,0,0,0,321.9110493255343,216.68568660156856,-0.8339172565095733
14.883333333333653,0,0,0,322.3597100983932,216.19123072298578,-0.8438904473625967
14.90000000000032,0,0,0,322.8055340303287,215.68994491321192,-0.8537777726445387
14.916666666666988,0,0,0,323.2484341331326,215.18191934932904,-0.8635796902084089
14.933333333333655,0,0,0,323.6883267697353,214.66724476317276,-0.8732966646978684
14.950000000000323,0,0,0,324.1251315982019,214.14601235176124,-0.8829291671674617
14.96666666666699,0,0,0,324.5587715147638,213.61831369129214,-0.8924776747146702
14.983333333333658,0,0,0,324.9891725960149,213.08424065463907,-0.9019426701234912
15.000000000000325,0,0,0,325.4162640403952,212.54388533227745,-0.9113246415192495
15.016666666666993,0,0,0,325.8399781090779,211.9973399565676,-0.9206240820343556
15.03333333333366,0,0,0,326.2602500663707,211.44469682932157,-0.9298414894847279
15.050000000000328,0,0,0,326.67701811973643,210.88604825257877,-0.9389773660566048
15.066666666666995,0,0,0,327.09022335953205,210.32148646251457,-0.9480322180034758
15.083333333333663,0,0,0,327.49980969856017,209.75110356640505,-0.9570065553528675
15.10000000000033,0,0,0,327.905723811522,209.17499148257102,-0.965900891622724
15.116666666666998,0,0,0,328.30791507445537,208.59324188322302,-0.9747157435471292
15.133333333333665,0,0,0,328.70633550423594,208.0059461401302,-0.9834516308111221
15.150000000000333,0,0,0,329.1009396982169,207.41319527303463,-0.9921090757943614
15.166666666667,0,0,0,329.4916847740755,206.8150799007336,-1.0006886033234015
15.183333333333668,0,0,0,329.8785303099319,206.21169019475235,-1.0091907404323484
15.200000000000335,0,0,0,330.261438284801,205.60311583553045,-1.017616016131665
15.216666666667003,0,0,0,330.6403730194341,204.98944597104477,-1.0259649611849064
15.23333333333367,0,0,0,331.01530111760286,204.37076917779402,-1.034238107893166
15.250000000000338,0,0,0,331.38619140787443,203.747173424069,-1.0424359898870181
15.266666666667005,0,0,0,331.75301488592356,203.11874603543498,-1.0505591419257536
15.283333333333672,0,0,0,332.11574465742274,202.48557366235266,-1.0586080997037006
15.30000000000034,0,0,0,332.4743558815495,201.8477422498655,-1.066583399663435
15.316666666667007,0,0,0,332.82882571514597,201.20533700928226,-1.074485578815687
15.333333333333675,0,0,0,333.1791332575625,200.558442391785,-1.082315174565753
15.350000000000342,0,0,0,333.5252594962153,199.90714206389356,-1.0900727245462303
15.36666666666701,0,0,0,333.8671872528843,199.25151888471893,-1.0977587664558914
15.383333333333677,0,0,0,334.20490113077534,198.5916548849397,-1.1053738379045273
15.400000000000345,0,0,0,334.5383874623675,197.9276312474362,-1.112918476263582
15.416666666667012,0,0,0,334.8676342580656,197.25952828951955,-1.1203932185224157
15.43333333333368,0,0,0,335.1926311556736,196.58742544669255,-1.1277986011500314
15.450000000000347,0,0,0,335.513369370704,195.91140125788274,-1.1351351599621065
15.466666666667015,0,0,0,335.8298416475358,195.23153335208775,-1.1424034299931736
15.483333333333682,0,0,0,336.1420422114311,194.54789843637522,-1.1496039453737996
15.50000000000035,0,0,0,336.4499667214202,193.8605722851812,-1.156737239212616
15.516666666667017,0,0,0,336.75361222406093,193.16962973085197,-1.1638038434830558
15.533333333333685,0,0,0,337.05297710807866,192.4751446553756,-1.1708042889146577
15.550000000000352,0,0,0,337.3480610598905,191.77718998325182,-1.177739104888802
15.56666666666702,0,0,0,337.63886502001634,191.07583767544904,-1.1846088193387425
15.583333333333687,0,0,0,337.9253911403776,190.37115872440003,-1.191413958653808
15.600000000000355,0,0,0,338.207642742484,189.66322314998803,-1.1981550475876457
15.616666666667022,0,0,0,338.4856242765063,188.95209999647741,-1.2048326091703838
15.63333333333369,0,0,0,338.75934128123396,188.23785733034404,-1.2114471646245948
15.650000000000357,0,0,0,339.0288003449124,187.52056223896165,-1.2179992332849405
15.666666666667025,0,0,0,339.2940090669572,186.80028083010228,-1.22448933252139
15.683333333333692,0,0,0,339.554976020539,186.07707823221025,-1.2309179776658938
15.70000000000036,0,0,0,339.81171071603336,185.3510185954098,-1.2372856819424152
15.716666666667027,0,0,0,340.06422356532835,184.62216509320882,-1.243592956400205
15.733333333333695,0,0,0,340.31252584698274,183.89057992486138,-1.249840309850226
15.750000000000362,0,0,0,340.55662967222634,183.15632431835402,-1.2560282488046235
15.76666666666703,0,0,0,340.79654795179374,182.419458533981,-1.262157277419148
15.783333333333697,0,0,0,341.03229436358197,181.68004186847568,-1.2682278974384358
15.800000000000365,0,0,0,341.2638833211224,180.93813265966634,-1.274240608144055
15.816666666667032,0,0,0,341.49132994285674,180.19378829162505,-1.280195906305232
15.8333333333337,0,0,0,341.7146500222058,179.44706520028066,-1.2860942861321696
15.850000000000367,0,0,0,341.93385999842087,178.69801887946704,-1.2919362392318727
15.866666666667035,0,0,0,342.1489769282057,177.94670388737927,-1.2977222545664029
15.883333333333702,0,0,0,342.36001845809744,177.19317385341128,-1.3034528184134804
15.90000000000037,0,0,0,342.56700279759525,176.43748148534985,-1.309128414329358
15.916666666667037,0,0,0,342.7699486930234,175.67967857690044,-1.3147495231138915
15.933333333333705,0,0,0,342.9688754021179,174.91981601552146,-1.3203166227777343
15.950000000000372,0,0,0,343.16380266932254,174.15794379054486,-1.3258301885115862
15.96666666666704,0,0,0,343.35475070178376,173.39411100156104,-1.3312906926574266
15.983333333333707,0,0,0,343.54174014602967,172.6283658670481,-1.336698604681667
16.000000000000373,0,0,0,343.7247920653219,171.86075573322512,-1.3420543911501563
16.01666666666704,0,0,0,343.90392791766646,171.09132708311094,-1.34735851570498
16.033333333333704,0,0,0,344.0791695344718,170.32012554577037,-1.352611439042986
16.05000000000037,0,0,0,344.25053909984007,169.5471959057302,-1.3578136188959828
16.066666666667036,0,0,0,344.4180591304794,168.772582112549,-1.3629655100125526
16.0833333333337,0,0,0,344.5817524562243,167.9963272905245,-1.3680675641414188
16.100000000000367,0,0,0,344.74164220115154,167.2184737485238,-1.37312023001632
16.116666666667033,0,0,0,344.89775176527786,166.43906298992178,-1.3781239533423322
16.1333333333337,0,0,0,345.050104806828,165.65813572263446,-1.383079176783591
16.150000000000365,0,0,0,345.19872522505995,164.87573186923356,-1.3879863399523653
16.16666666666703,0,0,0,345.34363714363445,164.09189057713067,-1.3928458793994307
16.183333333333696,0,0,0,345.4848648945175,163.3066502288186,-1.3976582286056989
16.20000000000036,0,0,0,345.62243300240226,162.52004845215896,-1.402423817975057
16.216666666667027,0,0,0,345.7563661696391,161.73212213070533,-1.4071430748283722
16.233333333333693,0,0,0,345.88668926166133,160.94290741405175,-1.4118164233986192
16.25000000000036,0,0,0,346.0134272928953,160.152439728197,-1.4164442848270902
16.266666666667025,0,0,0,346.1366054131419,159.3607537859158,-1.4210270771606455
16.28333333333369,0,0,0,346.2562488944195,158.56788359712775,-1.4255652153499672
16.300000000000356,0,0,0,346.3723831182554,157.77386247925674,-1.430059111248777
16.31666666666702,0,0,0,346.4850335634156,156.97872306757216,-1.4345091736139837
16.333333333333687,0,0,0,346.5942257940609,156.18249732550544,-1.4389158081067204
16.350000000000353,0,0,0,346.69998544831947,155.38521655493463,-1.4432794172942434
16.36666666666702,0,0,0,346.8023382272639,154.58691140643083,-1.447600400652653
16.383333333333685,0,0,0,346.90130988428297,153.78761188946015,-1.451879154570409
16.40000000000035,0,0,0,346.99692621483774,152.98734738253575,-1.456116072352605
16.416666666667016,0,0,0,347.08921304659106,152.18614664331443,-1.460311544225975
16.43333333333368,0,0,0,347.1781962299013,151.38403781863298,-1.4644659573446013
16.450000000000347,0,0,0,347.26390162866977,150.58104845447923,-1.468579695796293
16.466666666667013,0,0,0,347.3463551115327,149.77720550589393,-1.4726531406096126
16.48333333333368,0,0,0,347.42558254338786,148.97253534679896,-1.4766866697615175
16.500000000000345,0,0,0,347.5016097772466,148.1670637797483,-1.4806806581855965
16.51666666666701,0,0,0,347.57446264640254,147.36081604559814,-1.484635477780871
16.533333333333676,0,0,0,347.6441669569076,146.55381683309295,-1.4885514974211413
16.55000000000034,0,0,0,347.71074848034675,145.74609028836446,-1.4924290829648499
16.566666666667007,0,0,0,347.7742329469029,144.93766002434077,-1.4962685972654417
16.583333333333673,0,0,0,347.8346460387036,144.12854913006308,-1.5000704001821998
16.60000000000034,0,0,0,347.8920133834415,143.31878017990763,-1.5038348485915314
16.616666666667005,0,0,0,347.94636054826003,142.50837524271085,-1.5075622963986883
16.63333333333367,0,0,0,347.99771303389707,141.69735589079568,-1.5112530945498974
16.650000000000336,0,0,0,348.04609626907876,140.8857432088974,-1.5149075910448853
16.666666666667002,0,0,0,348.0915356051557,140.07355780298744,-1.5185261309497755
16.683333333333668,0,0,0,348.1340563109746,139.26081980899357,-1.522109056410342
16.700000000000333,0,0,0,348.17368356797806,138.4475489014156,-1.5256567066656006
16.716666666667,0,0,0,348.21044246552543,137.63376430183504,-1.5291694180617206
16.733333333333665,0,0,0,348.2443579964282,136.81948478731852,-1.5326475240662427
16.75000000000033,0,0,0,348.27545505269313,136.00472869871317,-1.5360913552825837
16.766666666666996,0,0,0,348.3037584214664,135.18951394883436,-1.5395012394648155
16.783333333333662,0,0,0,348.3292927811732,134.37385803054457,-1.5428775015327028
16.800000000000328,0,0,0,348.3520826978457,133.55777802472306,-1.5462204635869834
16.816666666666993,0,0,0,348.37215262163403,132.74129060812652,-1.5495304449248803
16.83333333333366,0,0,0,348.3895268834943,131.92441206113975,-1.5528077620558296
16.850000000000325,0,0,0,348.40422969204764,131.10715827541702,-1.5560527287174115
16.86666666666699,0,0,0,348.41628513060516,130.2895447614136,-1.5592656558914744
16.883333333333656,0,0,0,348.42571715435326,129.47158665580773,-1.5624468518204357
16.900000000000322,0,0,0,348.4325495876938,128.6532987288133,-1.5655966220237525
16.916666666666988,0,0,0,348.4368061217344,127.83469539138333,-1.5687152693145456
16.933333333333653,0,0,0,348.43851031192344,127.01579070230464,-1.571803093816371
16.95000000000032,0,0,0,348.4376855758256,126.19659837518415,-1.5748603929801248
16.966666666666985,0,0,0,348.43435519103224,125.37713178532722,-1.5778874616010734
16.98333333333365,0,0,0,348.4285422932029,124.55740397650862,-1.580884591835997
17.000000000000316,0,0,0,348.4202698742331,123.73742766763667,-1.5838520732204402
17.016666666666982,0,0,0,348.40956078054404,122.9172152593111,-1.5867901926860566
17.033333333333648,0,0,0,348.39643771148997,122.09677884027565,-1.5896992345780427
17.050000000000313,0,0,0,348.3809232178794,121.27613019376564,-1.5925794806726494
17.06666666666698,0,0,0,348.36303970060595,120.45528080375178,-1.5954312101947639
17.083333333333645,0,0,0,348.34280940938487,119.63424186108071,-1.598254699835555
17.10000000000031,0,0,0,348.3202544415917,118.81302426951333,-1.6010502237701734
17.116666666666976,0,0,0,348.2953967411993,117.99163865166165,-1.6038180536754998
17.133333333333642,0,0,0,348.26825809780956,117.17009535482522,-1.6065584587479336
17.150000000000308,0,0,0,348.2388601457768,116.34840445672809,-1.6092717057212147
17.166666666666973,0,0,0,348.20722436341885,115.5265757711571,-1.6119580588842746
17.18333333333364,0,0,0,348.1733720723132,114.7046188535028,-1.614617780099107
17.200000000000305,0,0,0,348.1373244366746,113.88254300620375,-1.6172511288186544
17.21666666666697,0,0,0,348.09910246281135,113.06035728409545,-1.619858362104703
